date;euro;gas;gold;rosneft;sber;usd;benz;pshen;aeroflot
02.01.2015;68.3681;2.958;1189.8;196.75;56.37;56.2376;1.443;581.2;33.21
03.01.2015;68.3681;2.958;1189.8;196.75;56.37;56.2376;1.443;581.2;33.21
04.01.2015;68.3681;3.122;1196.4;196.75;56.37;56.2376;1.42;587.4;33.21
05.01.2015;68.3681;2.934;1206;196.75;56.37;56.2376;1.3838;590.4;33.21
06.01.2015;68.3681;2.917;1213.7;200.3;58.28;56.2376;1.3365;590;33.07
07.01.2015;68.3681;2.837;1209.9;200.3;58.28;56.2376;1.3405;578;33.07
08.01.2015;68.3681;2.989;1212.2;214.95;65.7;56.2376;1.3495;563;35.17
09.01.2015;68.3681;2.963;1223.4;206.6;63.1;56.2376;1.326;563.6;34
10.01.2015;68.3681;2.963;1223.4;206.6;63.1;56.2376;1.326;563.6;34
11.01.2015;68.3681;2.918;1229.2;206.6;63.1;56.2376;1.3146;564.2;34
12.01.2015;68.3681;2.819;1235.9;204;62.9;56.2376;1.2695;558.6;34.45
13.01.2015;74.3551;2.964;1227.8;204.9;60.31;62.7363;1.2558;547;35
14.01.2015;76.7735;3.277;1229.5;209.5;60.05;64.8425;1.3505;544;36.55
15.01.2015;77.9629;3.129;1257.6;219.9;61.8;66.0983;1.3044;535.6;36.65
16.01.2015;76.3352;3.085;1280.3;226;61.99;64.8337;1.358;532.6;36.05
17.01.2015;75.8623;3.085;1280.3;226;61.99;65.1738;1.358;532.6;36.05
18.01.2015;75.8623;3.03;1277.4;226;61.99;65.1738;1.358;532.6;36.05
19.01.2015;75.8623;2.984;1277.1;225.3;61.8;65.1738;1.3454;532.4;36.34
20.01.2015;75.174;2.949;1300.5;227;60.8;64.9732;1.3255;542.6;37.2
21.01.2015;75.2735;3.03;1291.8;234.6;62.8;64.9862;1.3244;539.2;38.1
22.01.2015;75.8218;2.904;1295.1;241.8;64.35;65.5558;1.3545;532.2;39.55
23.01.2015;75.7724;2.967;1294.1;243.9;64.45;65.4;1.346;530;40.15
24.01.2015;71.9067;2.967;1294.1;243.9;64.45;63.393;1.346;530;40.15
25.01.2015;71.9067;2.932;1292.3;243.9;64.45;63.393;1.3333;532.4;40.15
26.01.2015;71.9067;2.939;1278.5;237.25;60.49;63.393;1.3149;518.4;38.26
27.01.2015;73.5633;2.907;1291.2;239;61.2;65.5937;1.3587;518.4;38
28.01.2015;76.2922;2.852;1282.5;231.5;60.63;67.8153;1.3519;504.2;38.11
29.01.2015;76.2629;2.71;1261.3;226.55;60.5;67.1506;1.3618;508;37.3
30.01.2015;77.569;2.675;1283.7;229.35;61.5;68.7303;1.4152;502.6;38.25
31.01.2015;78.1105;2.675;1283.7;229.35;61.5;68.9291;1.4152;502.6;38.25
01.02.2015;78.1105;2.664;1280.6;229.35;61.5;68.9291;1.455;501.4;38.25
02.02.2015;78.1105;2.697;1276.2;230.55;61.4;68.9291;1.56;496;37.34
03.02.2015;78.79;2.75;1263.1;238.35;62;69.664;1.5876;517.4;37.55
04.02.2015;76.8271;2.669;1272.4;239;61.04;67.7727;1.4809;511;37.09
05.02.2015;75.0415;2.62;1268.8;251;62.41;65.447;1.5509;527.2;37.75
06.02.2015;77.9356;2.571;1233.3;261;64.31;68.6113;1.565;527;38
07.02.2015;75.6591;2.571;1233.3;261;64.31;66.0432;1.565;527;38
08.02.2015;75.6591;2.675;1238.3;261;64.31;66.0432;1.5697;530.6;38
09.02.2015;75.6591;2.634;1244.7;257;65.57;66.0432;1.5619;527.2;37.6
10.02.2015;74.5833;2.712;1238.5;257.05;65;65.7817;1.5604;518.6;37.83
11.02.2015;74.1382;2.821;1222.1;265.35;65.12;65.4469;1.5457;522.6;38
12.02.2015;74.7386;2.745;1229.5;274.05;67.21;66.0585;1.6099;522.2;39.39
13.02.2015;74.8311;2.796;1227.9;290.2;70.6;66.0994;1.6215;533;40.4
14.02.2015;74.3675;2.796;1227.9;290.2;70.6;65.0862;1.6215;533;40.4
15.02.2015;74.3675;2.851;1231.8;290.2;70.6;65.0862;1.6322;533;40.4
16.02.2015;74.3675;2.846;1228;279.7;70;65.0862;1.6326;532.6;40.41
17.02.2015;71.5426;2.756;1209.1;275.95;72.45;62.6632;1.5818;539.2;40.15
18.02.2015;71.3243;2.847;1216.3;281.45;76.4;62.8353;1.5631;522.4;40.98
19.02.2015;71.08;2.851;1207.7;275.75;73.78;62.4001;1.623;523;39.93
20.02.2015;70.9408;2.939;1203.4;274;74.75;62.1307;1.6415;507;40
21.02.2015;70.0315;2.939;1203.4;274;74.75;61.7235;1.6415;507;40
22.02.2015;70.0315;3.011;1203.2;274;74.75;61.7235;1.664;508.2;40
23.02.2015;70.0315;2.87;1200.9;274;74.75;61.7235;1.6328;505.4;40
24.02.2015;70.0315;2.922;1209.4;268.65;73.7;61.7235;1.6125;501.6;39.6
25.02.2015;71.9422;2.873;1210;263.45;74.2;63.5083;1.721;497.6;38.99
26.02.2015;71.1655;2.687;1209.9;263.85;75.95;62.5906;1.726;499.6;39.5
27.02.2015;68.9797;2.71;1213.7;265.85;75.91;60.7109;1.8;513;39.19
28.02.2015;68.6857;2.71;1213.7;265.85;75.91;61.2718;1.8;513;39.19
01.03.2015;68.6857;2.695;1221.7;265.85;75.91;61.2718;1.9699;516.2;39.19
02.03.2015;68.6857;2.677;1209.6;269.7;76.2;61.2718;1.925;500.2;39.5
03.03.2015;69.5424;2.737;1207.7;277;75.55;62.2248;1.9393;504.6;39.89
04.03.2015;69.8487;2.787;1203.5;264.95;72.31;62.3649;1.928;493;38.55
05.03.2015;69.1138;2.846;1198.2;269.6;72.7;61.8745;1.9017;481.4;38.47
06.03.2015;68.3086;2.849;1168.2;263.5;73.25;61.8457;1.8823;482.4;38.96
07.03.2015;66.1012;2.849;1168.2;263.5;73.25;59.9938;1.8823;482.4;38.96
08.03.2015;66.1012;2.745;1170;263.5;73.25;59.9938;1.8732;488.2;38.96
09.03.2015;66.1012;2.703;1160.2;263.5;73.25;59.9938;1.8752;490.2;38.96
10.03.2015;66.1012;2.715;1160.7;253;69.8;59.9938;1.8196;496.2;36.65
11.03.2015;65.5242;2.82;1152.2;251.45;70.68;60.6649;1.8328;503;36.65
12.03.2015;66.9168;2.738;1158.5;247.7;70.79;62.6797;1.8008;507.6;38.45
13.03.2015;64.6232;2.721;1158.4;241.3;67.87;60.9595;1.756;502;37.18
14.03.2015;64.965;2.721;1158.4;241.3;67.87;61.3167;1.756;502;37.18
15.03.2015;64.965;2.716;1159.4;241.3;67.87;61.3167;1.7555;497;37.18
16.03.2015;64.965;2.759;1154.1;236.7;65.57;61.3167;1.7269;517;36.5
17.03.2015;65.4063;2.835;1149.5;237;64.65;62.1497;1.7224;502.2;35.01
18.03.2015;65.4314;2.913;1169.7;243.4;65.26;61.751;1.7862;515.4;35.1
19.03.2015;65.0108;2.834;1170;237.05;64.9;61.3483;1.7728;515.6;35
20.03.2015;64.1446;2.784;1181.7;239.3;67;59.8308;1.7906;530;33.5
21.03.2015;64.0504;2.784;1181.7;239.3;67;60.0341;1.7906;530;33.5
22.03.2015;64.0504;2.731;1182.3;239.3;67;60.0341;1.7841;534.4;33.5
23.03.2015;64.0504;2.758;1185.8;239.95;65;60.0341;1.8042;527.6;34
24.03.2015;64.1473;2.738;1188.5;244;65.6;59.4452;1.797;526.2;34.24
25.03.2015;64.3425;2.742;1198.9;242.7;64.8;58.771;1.8592;521.6;33.6
26.03.2015;62.7651;2.655;1201.9;237.1;62.85;57.3879;1.8556;500.6;32.5
27.03.2015;62.0811;2.59;1198.3;237.25;61;56.4271;1.7961;507.6;32.7
28.03.2015;62.5655;2.59;1198.3;237.25;61;57.7279;1.7961;507.6;32.7
29.03.2015;62.5655;2.623;1193.1;237.25;61;57.7279;1.7982;512.6;32.7
30.03.2015;62.5655;2.633;1181.7;247.5;63.01;57.7279;1.7927;529.6;34.04
31.03.2015;63.3695;2.655;1187.1;252.15;62.88;58.4643;1.7766;516.6;34
01.04.2015;62.0487;2.603;1203.3;261.35;64.5;57.65;1.8187;523;36.14
02.04.2015;62.7476;2.699;1202.5;262.55;65.92;58.3536;1.7717;536.2;35.76
03.04.2015;61.6919;2.713;1200.9;263.7;65.5;56.9902;1.7613;536.2;35.76
04.04.2015;61.7363;2.713;1200.9;263.7;65.5;56.7534;1.7613;536.2;35.76
05.04.2015;61.7363;2.678;1217.1;263.7;65.5;56.7534;1.7849;540.2;35.76
06.04.2015;61.7363;2.668;1213.5;266.15;68.99;56.7534;1.8327;527.6;36.5
07.04.2015;62.0377;2.651;1210.7;264.1;69.6;56.5161;1.8267;530.4;36.6
08.04.2015;60.4124;2.629;1196.6;263.7;69.4;55.3328;1.7464;524;35.75
09.04.2015;58.7003;2.542;1196.6;258.55;72;54.027;1.7648;519.2;35.1
10.04.2015;56.5251;2.509;1207.8;256.95;71.5;52.5424;1.8097;526.4;38
11.04.2015;54.2749;2.509;1207.8;256.95;71.5;51.0678;1.8097;526.4;38
12.04.2015;54.2749;2.489;1203.8;256.95;71.5;51.0678;1.8096;517.4;38
13.04.2015;54.2749;2.521;1198.3;255.5;74.1;51.0678;1.8138;503;37.13
14.04.2015;55.5201;2.501;1192.7;249.5;74.05;52.422;1.8551;496.2;37.7
15.04.2015;54.8387;2.593;1202.3;254.4;76.49;51.9749;1.9332;492.4;38.5
16.04.2015;53.6598;2.685;1198.4;259.25;76.5;50.5033;1.9258;488;39.16
17.04.2015;52.9087;2.641;1203.3;256;72.5;49.6749;1.9369;489.2;38.28
18.04.2015;54.5163;2.641;1203.3;256;72.5;50.5295;1.9369;489.2;38.28
19.04.2015;54.5163;2.585;1202.7;256;72.5;50.5295;1.9504;492;38.28
20.04.2015;54.5163;2.551;1196.4;260.5;73.5;50.5295;1.9279;496.2;37.75
21.04.2015;55.5496;2.562;1199.7;259.7;75.24;51.5207;1.8741;499.4;37.72
22.04.2015;57.5998;2.589;1188.8;252.4;73.9;53.9728;1.9241;501.2;38.99
23.04.2015;57.7226;2.533;1190.6;249.1;75.8;53.6555;1.9946;501.6;38.65
24.04.2015;55.1255;2.533;1179.9;258.2;75.75;51.6011;2.0071;488.4;39.2
25.04.2015;54.659;2.533;1179.9;258.2;75.75;50.2473;2.0071;488.4;39.2
26.04.2015;54.659;2.472;1181.8;258.2;75.75;50.2473;2.01;488.6;39.2
27.04.2015;54.659;2.472;1199.5;256;75.2;50.2473;1.9934;474.4;39.33
28.04.2015;55.8747;2.523;1209.6;256.55;75.7;51.469;1.9938;477.2;39
29.04.2015;56.9016;2.594;1202.6;255;75.2;52.3041;2.0084;485.4;39.5
30.04.2015;56.806;2.723;1182.1;256.5;76.9;51.7029;2.0473;473.6;38.15
01.05.2015;57.1578;2.769;1177.4;256.5;76.9;51.1388;2.0414;474;38.15
02.05.2015;57.1578;2.769;1177.4;256.5;76.9;51.1388;2.0414;474;38.15
03.05.2015;57.1578;2.77;1182.7;256.5;76.9;51.1388;2.0413;473.4;38.15
04.05.2015;57.1578;2.804;1185.8;256.5;76.9;51.1388;2.0324;471.6;38.15
05.05.2015;57.1578;2.778;1195;261.5;80.21;51.1388;2.085;469;40.2
06.05.2015;57.4093;2.769;1186.9;259.9;79.2;51.7574;2.0253;479.6;40.41
07.05.2015;56.1843;2.731;1183.3;255.25;76.5;49.9816;1.9883;473.6;40.02
08.05.2015;57.2207;2.864;1187.3;259.45;75.5;50.3615;1.998;481.4;40.7
09.05.2015;56.8971;2.864;1187.3;259.45;75.5;50.7511;1.998;481.4;40.7
10.05.2015;56.8971;2.9;1187.3;259.45;75.5;50.7511;1.9914;479.4;40.7
11.05.2015;56.8971;2.802;1182.7;259.45;75.5;50.7511;1.99;479.2;40.7
12.05.2015;56.8971;2.908;1192.4;258.35;75.19;50.7511;2.0463;483;40.5
13.05.2015;57.1102;2.941;1213.4;252.45;75.24;50.914;2.0378;482.4;41.49
14.05.2015;55.7138;3.003;1219.1;255.7;74.31;49.5366;2.0594;514.4;41.09
15.05.2015;57.1383;3.017;1223;257.45;75.05;50.0774;2.0545;511;40.61
16.05.2015;56.9881;3.017;1223;257.45;75.05;50.0115;2.0545;511;40.61
17.05.2015;56.9881;3.008;1224;257.45;75.05;50.0115;2.06;514;40.61
18.05.2015;56.9881;3.014;1221.4;256.1;75.36;50.0115;2.041;521.2;40.52
19.05.2015;56.103;2.956;1207.8;252.25;73.35;49.2175;2.0131;509;39.9
20.05.2015;55.1085;2.924;1211.5;245.9;71.6;49.1777;2.0372;514.2;38.85
21.05.2015;55.2441;2.957;1207.4;245.65;73.25;49.7919;2.0815;526.2;39.28
22.05.2015;55.5714;2.885;1205.4;249.9;74.35;49.9204;2.068;515.2;41.2
23.05.2015;55.5508;2.885;1205.4;249.9;74.35;49.7901;2.068;515.2;41.2
24.05.2015;55.5508;2.851;1203.2;249.9;74.35;49.7901;2.0652;515.2;41.2
25.05.2015;55.5508;2.841;1204.6;244.6;74.46;49.7901;2.074;517.6;41.1
26.05.2015;54.7477;2.826;1187.8;245.15;74.67;49.8613;2.0026;493;40.23
27.05.2015;54.8412;2.838;1187.5;247.5;74.23;50.3223;1.965;487.2;40.4
28.05.2015;55.6757;2.715;1189.5;245.8;73.6;51.0178;1.9995;486.4;40.75
29.05.2015;57.1433;2.642;1190.3;234;73.5;52.2907;2.0858;477;41.1
30.05.2015;58.0145;2.642;1190.3;234;73.5;52.9716;2.0858;477;41.1
31.05.2015;58.0145;2.619;1191.9;234;73.5;52.9716;2.0519;476;41.1
01.06.2015;58.0145;2.652;1188.4;236;72.65;52.9716;2.045;494;40.53
02.06.2015;57.702;2.689;1193.1;237.5;73.92;52.8213;2.0504;514.4;40
03.06.2015;58.6037;2.636;1184.4;233.1;71.72;53.4413;2.046;509;39.3
04.06.2015;59.113;2.627;1177.5;236.25;71.25;53.059;1.9931;519.2;40.07
05.06.2015;61.9471;2.593;1171.8;236.75;70.61;54.9908;2.0236;517;39.8
06.06.2015;63.3221;2.593;1171.8;236.75;70.61;56.2463;2.0236;517;39.8
07.06.2015;63.3221;2.637;1171.3;236.75;70.61;56.2463;2.0193;521;39.8
08.06.2015;63.3221;2.701;1177.1;239.6;69.17;56.2463;2.0105;530.4;40
09.06.2015;62.5053;2.864;1179.7;245;70.21;56.0435;2.1038;535.4;40.8
10.06.2015;63.0721;2.888;1186.1;246;71.51;55.91;2.139;512.4;41.1
11.06.2015;62.2064;2.796;1182.4;245.2;72.55;54.8219;2.118;502.6;39.78
12.06.2015;61.4754;2.764;1180.8;245.2;72.55;54.5285;2.1174;503.6;39.78
13.06.2015;61.4754;2.764;1180.8;245.2;72.55;54.5285;2.1174;503.6;39.78
14.06.2015;61.4754;2.811;1180.2;245.2;72.55;54.5285;2.1114;499;39.78
15.06.2015;61.4754;2.92;1185.8;243.4;71.8;54.5285;2.1056;498;39.45
16.06.2015;62.1045;2.902;1179.7;245.7;73.5;55.2679;2.1457;497.6;39.7
17.06.2015;61.104;2.848;1186.8;245.9;72.81;54.0409;2.0968;495.2;39.27
18.06.2015;60.7452;2.766;1199.5;245;72.98;53.8999;2.1038;492.2;38.97
19.06.2015;60.6417;2.82;1199.8;250;71.56;53.3301;2.0521;492.4;37.9
20.06.2015;60.913;2.82;1199.8;250;71.56;53.8006;2.0521;492.4;37.9
21.06.2015;60.913;2.75;1198.7;250;71.56;53.8006;2.0619;493.4;37.9
22.06.2015;60.913;2.724;1185.1;251.6;72;53.8006;2.0251;512;38.78
23.06.2015;60.8567;2.721;1177.1;250;72.01;53.5569;2.0788;524.2;39.04
24.06.2015;61.0546;2.771;1177.1;246.05;71.98;54.2081;2.0541;522.6;38.72
25.06.2015;60.5852;2.834;1173.7;238.55;71.42;54.0746;2.0355;539;38.3
26.06.2015;61.1986;2.773;1173.7;229.9;70.6;54.6026;2.0419;568;39.16
27.06.2015;61.4066;2.773;1173.7;229.9;70.6;54.8126;2.0419;568;39.16
28.06.2015;61.4066;2.739;1182.1;229.9;70.6;54.8126;2.0266;572;39.16
29.06.2015;61.4066;2.791;1176.3;229.65;70.2;54.8126;2.02;587.2;38
30.06.2015;61.5206;2.815;1173.6;232;72.35;55.524;2.0325;604;38.24
01.07.2015;62.3803;2.812;1167.2;232;71;55.8413;2.0151;590.6;37.3
02.07.2015;61.6556;2.839;1166.2;231.2;70.54;55.4756;2.034;590.4;37
03.07.2015;61.5661;2.77;1167.8;228.4;70.67;55.6555;2.0015;590.4;37.05
04.07.2015;61.7492;2.77;1167.8;228.4;70.67;55.6049;2.0015;590.4;37.05
05.07.2015;61.7492;2.761;1166.6;228.4;70.67;55.6049;1.9896;581;37.05
06.07.2015;61.7492;2.772;1166.5;222.8;68.45;55.6049;1.9463;593;36.67
07.07.2015;62.4246;2.703;1153;220.5;68.77;56.4112;1.9588;581.2;36.75
08.07.2015;63.0441;2.689;1156.6;219;67.73;57.2192;2.0155;582.4;38
09.07.2015;63.0822;2.743;1160.5;223.6;69.35;57.2174;2.044;577.2;38.05
10.07.2015;63.043;2.77;1162.3;227;71.06;56.9803;2.031;575;38.07
11.07.2015;62.9474;2.77;1162.3;227;71.06;56.6685;2.031;575;38.07
12.07.2015;62.9474;2.802;1159;227;71.06;56.6685;1.9948;572;38.07
13.07.2015;62.9474;2.872;1154.1;231.5;72.94;56.6685;1.9276;580.6;38.1
14.07.2015;62.9819;2.84;1154.5;228.8;73.9;56.6079;1.9286;567.2;38.94
15.07.2015;62.6239;2.923;1146.1;230.5;74;56.9774;1.8689;567.6;38.96
16.07.2015;62.3986;2.864;1143.3;233.9;74.21;56.6642;1.9001;558.2;39.55
17.07.2015;62.1841;2.888;1132.3;232;75.52;56.9504;1.932;554.4;39.55
18.07.2015;61.9183;2.888;1132.3;232;75.52;56.8423;1.932;554.4;39.55
19.07.2015;61.9183;2.829;1106.7;232;75.52;56.8423;1.9343;546.4;39.55
20.07.2015;61.9183;2.831;1102.9;227.2;74.1;56.8423;1.9253;530.2;38.82
21.07.2015;61.6929;2.88;1092.7;227.05;75.55;56.8336;1.902;522.6;39.1
22.07.2015;61.7622;2.874;1097.9;226.95;74.6;57.0025;1.8642;519.6;39
23.07.2015;62.3948;2.799;1082.3;223.2;72.7;57.0232;1.8619;523;39.33
24.07.2015;62.933;2.776;1098.5;220.6;70.45;57.3578;1.8294;512.2;39.13
25.07.2015;63.609;2.776;1098.5;220.6;70.45;58.0374;1.8294;512.2;39.13
26.07.2015;63.609;2.756;1097;220.6;70.45;58.0374;1.8232;507;39.13
27.07.2015;63.609;2.79;1094.6;220.5;68.48;58.0374;1.8099;504.2;38.6
28.07.2015;65.083;2.841;1096;222.9;69.55;58.7816;1.7954;510;38.12
29.07.2015;66.6248;2.873;1091.7;229;71.2;60.2231;1.8375;496;38.97
30.07.2015;65.9882;2.778;1083.4;230.1;72.2;59.7665;1.8281;500.2;39.22
31.07.2015;64.6478;2.714;1095;236.7;72.3;58.9906;1.841;498.2;39.35
01.08.2015;66.0002;2.714;1095;236.7;72.3;60.3458;1.841;498.2;39.35
02.08.2015;66.0002;2.741;1094.8;236.7;72.3;60.3458;1.7646;497.2;39.35
03.08.2015;66.0002;2.781;1083.6;233.05;71.1;60.3458;1.6855;502.2;39.3
04.08.2015;68.577;2.812;1085.8;233.05;72.3;62.4677;1.7034;497.2;39.3
05.08.2015;68.9961;2.771;1083.5;236.15;73.49;62.9182;1.674;499;40.5
06.08.2015;68.1435;2.82;1088;233.65;72.25;62.7184;1.6524;505.2;39.9
07.08.2015;69.6314;2.787;1093.3;235.55;74.2;63.8644;1.6259;510.4;40.52
08.08.2015;69.8089;2.787;1093.3;235.55;74.2;63.8399;1.6259;510.4;40.52
09.08.2015;69.8089;2.839;1095.4;235.55;74.2;63.8399;1.6315;514;40.52
10.08.2015;69.8089;2.827;1099.8;236.85;75.16;63.8399;1.6927;522.2;40.23
11.08.2015;70.754;2.854;1109.9;235.5;73.2;64.4977;1.6914;502.6;40.19
12.08.2015;69.6762;2.922;1120.3;240;73.4;63.2098;1.761;495.2;40.18
13.08.2015;72.2078;2.815;1112.6;243.9;73.7;65.0169;1.71;501.4;40.1
14.08.2015;71.1475;2.811;1113.2;246.6;74.43;63.9988;1.6862;506;39.87
15.08.2015;72.365;2.811;1113.2;246.6;74.43;64.9363;1.6862;506;39.87
16.08.2015;72.365;2.779;1116.1;246.6;74.43;64.9363;1.6795;510.6;39.87
17.08.2015;72.365;2.73;1117.7;245.15;73;64.9363;1.6528;505.6;39.8
18.08.2015;72.5712;2.707;1116.8;243.25;72.45;65.5034;1.6363;500;39.95
19.08.2015;72.9187;2.706;1137.9;241.05;71.5;65.8289;1.5512;502;39.9
20.08.2015;72.7085;2.753;1163.7;240.7;72.05;65.7222;1.5264;510;39.8
21.08.2015;74.4738;2.687;1159.9;235.25;69.86;66.9608;1.547;504;39
22.08.2015;76.6709;2.687;1159.9;235.25;69.86;68.1216;1.547;504;39
23.08.2015;76.6709;2.64;1158.6;235.25;69.86;68.1216;1.539;494.6;39
24.08.2015;76.6709;2.661;1153.7;227.25;68.53;68.1216;1.473;512.4;37.73
25.08.2015;81.1533;2.681;1133.9;235.4;70.79;70.7465;1.4457;499.6;38.74
26.08.2015;80.7248;2.674;1127;240;71;69.9461;1.3828;497.4;38.95
27.08.2015;79.7252;2.676;1130.3;245.5;73.8;69.3142;1.4537;492;38.8
28.08.2015;76.3369;2.724;1133.3;246.35;74.82;67.4473;1.5148;483.6;39.04
29.08.2015;75.0469;2.724;1133.3;246.35;74.82;66.4779;1.5148;483.6;39.04
30.08.2015;75.0469;2.669;1133.2;246.35;74.82;66.4779;1.5148;484;39.04
31.08.2015;75.0469;2.684;1141.8;245.1;74.5;66.4779;1.4655;484.4;40
01.09.2015;74.8478;2.671;1137.5;242.7;73.14;66.7152;1.3775;488.4;37.7
02.09.2015;73.8449;2.644;1131.7;249;72.9;65.3495;1.4181;476.4;36.27
03.09.2015;75.0901;2.711;1124.2;249.15;74.15;66.6756;1.4224;464.4;35.7
04.09.2015;75.2659;2.652;1122.3;244.35;73.96;67.0102;1.41;468;34.85
05.09.2015;75.4011;2.652;1122.3;244.35;73.96;67.685;1.41;468;34.85
06.09.2015;75.4011;2.667;1121.6;244.35;73.96;67.685;1.4135;468;34.85
07.09.2015;75.4011;2.667;1120.3;246.4;73.81;67.685;1.38;471.4;34.1
08.09.2015;76.3692;2.695;1122.9;248.05;74.9;68.4864;1.4109;475.2;33.51
09.09.2015;76.9246;2.672;1105.3;249.5;74.65;68.7932;1.3527;473.4;34.97
10.09.2015;75.5742;2.687;1111.5;247.2;74.3;67.6219;1.3913;476.4;35.66
11.09.2015;76.6951;2.686;1107.9;245.9;74.1;68.4961;1.3753;484.4;35.55
12.09.2015;76.8165;2.686;1107.9;245.9;74.1;68.0093;1.3753;484.4;35.55
13.09.2015;76.8165;2.713;1107.1;245.9;74.1;68.0093;1.3662;488.2;35.55
14.09.2015;76.8165;2.766;1107;246;74.88;68.0093;1.3092;503;36.25
15.09.2015;77.1313;2.73;1103.4;246;74.85;67.9571;1.3339;491.4;36.2
16.09.2015;75.9013;2.658;1119.3;251.5;77.71;67.1574;1.3796;487;36.15
17.09.2015;74.2407;2.647;1128.6;252.85;76.49;65.9273;1.3809;483;35.83
18.09.2015;73.9378;2.605;1139.1;256;75.5;65.3623;1.3655;487.4;36.53
19.09.2015;74.9726;2.605;1139.1;256;75.5;65.6445;1.3655;487.4;36.53
20.09.2015;74.9726;2.581;1137.2;256;75.5;65.6445;1.3695;482.2;36.53
21.09.2015;74.9726;2.572;1132.6;249.1;75.94;65.6445;1.3934;494.4;35.95
22.09.2015;74.8304;2.578;1123.2;244.8;74.39;66.1455;1.4059;496;35.51
23.09.2015;73.9568;2.569;1133.6;237;73.74;66.1747;1.3933;507.2;35.31
24.09.2015;73.5367;2.596;1146.4;237.25;73.33;66.041;1.37;497;34.67
25.09.2015;74.5435;2.555;1145.5;238.4;74.97;66.5151;1.3905;508.2;35.33
26.09.2015;73.1397;2.555;1145.5;238.4;74.97;65.6727;1.3905;508.2;35.33
27.09.2015;73.1397;2.605;1144.9;238.4;74.97;65.6727;1.3875;512.2;35.33
28.09.2015;73.1397;2.666;1130.9;236.65;74.57;65.6727;1.3435;505.6;34.53
29.09.2015;73.2684;2.596;1125.2;239.7;75.5;65.547;1.353;505;34.6
30.09.2015;74.5825;2.534;1114.1;242.95;75.3;66.2367;1.3808;513;35.23
01.10.2015;73.776;2.418;1111.7;237.9;74.51;65.7364;1.3705;519.2;36.1
02.10.2015;72.4865;2.47;1137.6;234.6;73.8;65.0336;1.3474;512.2;38.8
03.10.2015;73.6302;2.47;1137.6;234.6;73.8;65.9414;1.3474;512.2;38.8
04.10.2015;73.6302;2.469;1135.5;234.6;73.8;65.9414;1.3453;516.4;38.8
05.10.2015;73.6302;2.468;1135.6;244;76.2;65.9414;1.391;516.4;38.92
06.10.2015;73.7951;2.457;1148;248.5;77.31;65.6248;1.4365;526;39.43
07.10.2015;72.9468;2.476;1143.2;251.15;79.65;65.0962;1.3929;519;40.8
08.10.2015;70.4691;2.482;1146.7;253;83.11;62.7061;1.4305;515;41.6
09.10.2015;70.3052;2.52;1155.6;267;85.77;62.2942;1.4141;508.2;43.31
10.10.2015;69.345;2.52;1155.6;267;85.77;61.2967;1.4141;508.2;43.31
11.10.2015;69.345;2.533;1157.4;267;85.77;61.2967;1.429;508.4;43.31
12.10.2015;69.345;2.537;1154.3;263;85.45;61.2967;1.3474;506;44.42
13.10.2015;69.5499;2.501;1173.5;262.5;85;61.1535;1.3193;518.2;44.9
14.10.2015;70.8977;2.531;1184.2;260.85;86.81;62.2237;1.3278;508.4;47.39
15.10.2015;72.0506;2.457;1177.9;258.4;87.7;63.1248;1.3156;501.4;49
16.10.2015;71.281;2.427;1177.3;253.4;88.52;62.2433;1.3273;494.2;48.9
17.10.2015;69.771;2.427;1177.3;253.4;88.52;61.3587;1.3273;494.2;48.9
18.10.2015;69.771;2.451;1172;253.4;88.52;61.3587;1.3287;488.2;48.9
19.10.2015;69.771;2.48;1168.5;251.5;87.07;61.3587;1.2611;485.2;48.11
20.10.2015;69.7796;2.475;1177.4;250.75;88.14;61.4419;1.2753;491.4;49.31
21.10.2015;70.529;2.389;1166;251.8;86.95;62.162;1.2894;497.4;47.8
22.10.2015;71.1738;2.356;1168.3;253.4;86.53;62.6309;1.319;491;49.23
23.10.2015;71.0895;2.281;1164;253.5;90.45;62.7888;1.3067;490.2;48.26
24.10.2015;68.7903;2.281;1164;253.5;90.45;61.9286;1.3067;490.2;48.26
25.10.2015;68.7903;2.213;1165.2;253.5;90.45;61.9286;1.3108;497.6;48.26
26.10.2015;68.7903;2.016;1164.9;250.5;92.3;61.9286;1.2851;509.2;48.07
27.10.2015;69.0104;2.091;1167.8;251.5;89;62.5038;1.2855;505.4;47.23
28.10.2015;70.2124;2.304;1160;253.8;90.05;63.5004;1.3436;507;47.52
29.10.2015;72.1479;2.28;1147.4;255.45;88.6;65.3159;1.3516;519.2;47.44
30.10.2015;70.1427;2.305;1141.7;258.1;90.53;64.1686;1.405;522;49
31.10.2015;70.7537;2.305;1141.7;258.1;90.53;64.3742;1.405;522;49
01.11.2015;70.7537;2.255;1141.7;258.1;90.53;64.3742;1.3707;522.2;49
02.11.2015;70.7537;2.269;1137.1;262.2;93.65;64.3742;1.3804;506.2;49.3
03.11.2015;70.3961;2.275;1120.9;270.65;95.4;63.7993;1.4489;513.6;52.52
04.11.2015;70.3782;2.266;1108.9;270.65;95.4;63.8525;1.4002;523.6;52.52
05.11.2015;70.3782;2.359;1108.6;270;95.5;63.8525;1.375;522.2;51.96
06.11.2015;68.8261;2.355;1088.9;264.75;94.09;63.3991;1.3749;522.2;51.94
07.11.2015;69.2555;2.355;1088.9;264.75;94.09;63.6832;1.3749;522.2;51.94
08.11.2015;69.2555;2.358;1092.5;264.75;94.09;63.6832;1.3801;519.6;51.94
09.11.2015;69.2555;2.311;1091.7;262.4;92.95;63.6832;1.376;503.2;52.41
10.11.2015;69.6136;2.323;1091.5;257.55;94.35;64.6606;1.3576;493.2;51.84
11.11.2015;69.2394;2.266;1087.8;266;94;64.3908;1.3389;496.4;53.53
12.11.2015;69.3797;2.287;1081.5;263.05;94.29;64.5693;1.2705;497.4;53.47
13.11.2015;70.337;2.383;1083.4;260.7;93.4;65.4541;1.2389;495.4;53.39
14.11.2015;71.8184;2.383;1083.4;260.7;93.4;66.6343;1.2389;495.4;53.39
15.11.2015;71.8184;2.421;1094.6;260.7;93.4;66.6343;1.2501;494;53.39
16.11.2015;71.8184;2.315;1077.6;263.5;95.8;66.6343;1.2389;493.2;52.3
17.11.2015;71.3987;2.385;1067.7;271.5;102.5;66.4607;1.2482;485;54.9
18.11.2015;69.7819;2.326;1076.1;278.2;104;65.4799;1.2917;483.4;57.09
19.11.2015;69.0021;2.246;1085.1;271.5;104.86;64.7785;1.288;492.4;56.45
20.11.2015;69.339;2.141;1076.7;272.9;107.3;64.912;1.2866;488.4;57.86
21.11.2015;69.3886;2.141;1076.7;272.9;107.3;64.8673;1.2866;488.4;57.86
22.11.2015;69.3886;2.075;1069.1;272.9;107.3;64.8673;1.2837;491;57.86
23.11.2015;69.3886;2.16;1070.5;274.8;109.98;64.8673;1.3192;496;57.52
24.11.2015;69.7037;2.159;1078.5;265.75;105.6;65.5973;1.3885;491;55.77
25.11.2015;69.8076;2.27;1071.8;271.55;108.51;65.621;1.3955;487.4;56.67
26.11.2015;69.8987;2.237;1067.2;270.85;106.48;65.4789;1.3933;487.4;55.12
27.11.2015;69.7034;2.227;1055.9;268.2;104.55;65.6836;1.397;479.4;55.42
28.11.2015;70.3859;2.227;1055.9;268.2;104.55;66.2393;1.397;479.4;55.42
29.11.2015;70.3859;2.224;1055.5;268.2;104.55;66.2393;1.3877;477.6;55.42
30.11.2015;70.3859;2.251;1071.4;265;102.9;66.2393;1.3284;477;58.91
01.12.2015;70.6478;2.217;1067;264.7;101.3;66.737;1.3541;471.6;61
02.12.2015;70.1345;2.163;1052.6;258.5;102.5;66.2584;1.3123;467.4;57.6
03.12.2015;70.8647;2.192;1061.6;257.6;104;66.7402;1.2994;481.6;56.51
04.12.2015;71.7404;2.184;1085.8;251.45;103.05;67.7691;1.2843;483.6;57.33
05.12.2015;73.6721;2.184;1085.8;251.45;103.05;67.6698;1.2843;483.6;57.33
06.12.2015;73.6721;2.138;1084.6;251.45;103.05;67.6698;1.2683;489.6;57.33
07.12.2015;73.6721;2.05;1071.3;244;103;67.6698;1.214;482.6;59
08.12.2015;74.4079;2.079;1076.4;244.65;97;68.5156;1.2095;483.4;56.91
09.12.2015;75.3111;2.071;1073.3;247.7;100.66;69.3026;1.2456;488.2;58.4
10.12.2015;75.5595;1.991;1068.1;249;100.13;69.2;1.2726;494;59.84
11.12.2015;76.0674;1.98;1073.7;244.85;98.15;69.2151;1.2717;490.6;58.5
12.12.2015;75.7472;1.98;1073.7;244.85;98.15;69.1755;1.2717;490.6;58.5
13.12.2015;75.7472;1.914;1075;244.85;98.15;69.1755;1.2806;492.2;58.5
14.12.2015;75.7472;1.886;1062.8;244.9;97.7;69.1755;1.2385;491.4;58
15.12.2015;76.9659;1.799;1064.5;249.7;100;70.2244;1.2539;494.6;57.2
16.12.2015;78.2312;1.813;1065.8;250.1;102.45;70.8295;1.24;482;56.45
17.12.2015;77.04;1.731;1054.7;258.7;103.75;70.4012;1.2743;483.2;57.15
18.12.2015;76.6788;1.765;1065.6;250.75;98.81;70.5806;1.2655;486.6;56.51
19.12.2015;77.4052;1.765;1065.6;250.75;98.81;71.3215;1.2655;486.6;56.51
20.12.2015;77.4052;1.832;1068.8;250.75;98.81;71.3215;1.255;485.2;56.51
21.12.2015;77.4052;1.911;1077.8;245.6;98.73;71.3215;1.2086;479.6;56.9
22.12.2015;77.483;1.913;1074.4;248.2;99.8;71.2553;1.1787;472.4;57.5
23.12.2015;77.6145;1.995;1073.2;253.65;102.96;71.1211;1.2546;470;57.01
24.12.2015;77.5443;2.042;1075.8;251.6;101.35;70.9333;1.2627;468.2;56.8
25.12.2015;76.0441;2.042;1075.8;245.8;101.34;69.5165;1.2627;468.2;56.74
26.12.2015;77.05;2.042;1075.8;245.8;101.34;70.269;1.2627;468.2;56.74
27.12.2015;77.05;2.098;1072.7;245.8;101.34;70.269;1.2537;470.4;56.74
28.12.2015;77.05;2.25;1072.5;246;100.2;70.269;1.2366;470;56.29
29.12.2015;77.6032;2.305;1069.7;255;101.82;70.7865;1.2602;478.4;56.11
30.12.2015;79.547;2.296;1061.2;253.25;101.26;72.5066;1.2452;470.2;56.1
31.12.2015;79.6972;2.35;1060.5;253.25;101.26;72.8827;1.2671;470;56.1
01.01.2016;79.6395;2.35;1060.5;253.25;101.26;72.9299;1.2671;470;56.1
02.01.2016;79.6395;2.35;1060.5;253.25;101.26;72.9299;1.2671;470;56.1
03.01.2016;79.6395;2.321;1067.9;253.25;101.26;72.9299;1.2841;470;56.1
04.01.2016;79.6395;2.297;1077.7;251;98.01;72.9299;1.2934;459.2;56.2
05.01.2016;79.6395;2.333;1078.7;253.2;98.89;72.9299;1.2446;462.4;54.45
06.01.2016;79.6395;2.299;1098.6;252.4;96.85;72.9299;1.1369;462.4;54.05
07.01.2016;79.6395;2.395;1103.2;252.4;96.85;72.9299;1.1671;471;54.05
08.01.2016;79.6395;2.477;1104.1;252.4;96.85;72.9299;1.1219;477.6;54.05
09.01.2016;79.6395;2.477;1104.1;252.4;96.85;72.9299;1.1219;477.6;54.05
10.01.2016;79.6395;2.469;1104.8;252.4;96.85;72.9299;1.112;477.6;54.05
11.01.2016;79.6395;2.322;1095.5;241.05;91.03;72.9299;1.095;468.2;52.06
12.01.2016;82.809;2.281;1084.9;239.9;91.71;75.9507;1.0725;479.4;53.25
13.01.2016;83.4372;2.273;1091.5;239.6;91.5;76.6041;1.0613;476.2;55
14.01.2016;82.7175;2.145;1080.3;237.65;93.04;76.4275;1.0672;467.4;53.6
15.01.2016;83.1499;2.092;1088.6;232.1;87.27;76.523;1.0313;473;51.98
16.01.2016;83.2951;2.092;1088.6;232.1;87.27;76.565;1.0313;473;51.98
17.01.2016;83.2951;2.054;1090.1;232.1;87.27;76.565;1.018;473;51.98
18.01.2016;83.2951;2.109;1088.5;232;86.15;76.565;1.0397;472.6;50.4
19.01.2016;85.622;2.085;1091.1;236.05;86.68;78.6678;1.0205;473.2;52.06
20.01.2016;85.2988;2.157;1103.5;231.9;83.83;78.4862;1.0126;471.4;52
21.01.2016;87.0341;2.158;1099;237.5;86;79.4614;1.0616;472.6;50.99
22.01.2016;91.1814;2.13;1098.2;250.4;91.5;83.5913;1.0829;475.6;52.03
23.01.2016;87.2266;2.13;1098.2;250.4;91.5;80.5714;1.0829;475.6;52.03
24.01.2016;87.2266;2.136;1101.1;250.4;91.5;80.5714;1.097;475.6;52.03
25.01.2016;87.2266;2.148;1112.7;255;91;80.5714;1.0195;479.4;51.1
26.01.2016;84.1603;2.183;1120.7;255.9;91.5;77.7965;1.027;485;51.28
27.01.2016;88.8858;2.135;1119.8;264.4;95.75;81.8394;1.039;475.2;50.99
28.01.2016;85.8459;2.273;1114.3;267.35;96.69;78.9969;1.09;473;50.89
29.01.2016;84.137;2.305;1118;272.45;96.5;77.3674;1.1031;479;50.5
30.01.2016;81.9077;2.305;1118;272.45;96.5;75.1723;1.1031;479;50.5
31.01.2016;81.9077;2.218;1122.3;272.45;96.5;75.1723;1.1086;475.6;50.5
01.02.2016;81.9077;2.131;1125.8;269.8;96.5;75.1723;1.0772;475.6;54.77
02.02.2016;82.8141;2.048;1128.5;271.8;94.4;76.3264;0.9828;476;54.1
03.02.2016;84.9719;2.011;1143.5;273.1;94.53;77.9273;1.0285;481;53.84
04.02.2016;86.5115;2.035;1155.3;283;97.57;79.2593;1.023;472.4;54.89
05.02.2016;84.8104;2.063;1174.1;281.55;97.2;76.4609;0.9895;466.4;57.3
06.02.2016;86.5754;2.063;1174.1;281.55;97.2;77.3409;0.9895;466.4;57.3
07.02.2016;86.5754;2.118;1166.2;281.55;97.2;77.3409;0.9986;466.6;57.3
08.02.2016;86.5754;2.11;1191.8;276.05;94.7;77.3409;0.9567;459.2;57.35
09.02.2016;85.6543;2.102;1191.8;268.6;93.89;76.8614;0.9104;457.6;56.66
10.02.2016;88.0435;2.072;1206.7;265.5;96.35;78.6805;0.9392;461.6;55.8
11.02.2016;89.2213;2.016;1239.3;264.85;94.2;79.0689;0.9897;459.2;53.64
12.02.2016;89.3439;1.97;1238.5;270.7;94.85;79.1144;1.0331;457.6;54.41
13.02.2016;89.8454;1.97;1238.5;270.7;94.85;79.4951;1.0331;457.6;54.41
14.02.2016;89.8454;1.958;1219.8;270.7;94.85;79.4951;1.0466;457.6;54.41
15.02.2016;89.8454;1.929;1197.9;271;95.25;79.4951;1.0657;468.6;53.88
16.02.2016;87.1905;1.917;1206.8;277.4;96.51;77.7792;0.9806;468;54.13
17.02.2016;85.0894;1.942;1209.9;279.9;99.2;76.245;1.0144;473.2;53.59
18.02.2016;86.9588;1.856;1226.7;283.35;102.7;77.8503;0.971;467.2;54.15
19.02.2016;84.0521;1.807;1226.6;278.4;101.5;75.4575;0.9643;466.6;53.32
20.02.2016;84.9187;1.807;1226.6;276.95;102.35;76.3657;0.9643;466.6;53.4
21.02.2016;85.8563;1.79;1217;276.95;102.35;77.1326;0.9709;468.4;53.4
22.02.2016;85.8563;1.83;1216.6;285;103.2;77.1326;0.985;464.6;54.8
23.02.2016;85.8563;1.779;1228.1;285;103.2;77.1326;0.9605;455.2;54.8
24.02.2016;85.8563;1.75;1234.5;281.7;102.1;77.1326;1.02;453;53.7
25.02.2016;84.0779;1.794;1240;279.5;104.05;76.3928;1.04;454.4;54.05
26.02.2016;84.2155;1.787;1222.8;283.3;106.24;76.3929;1.0183;453;55.35
27.02.2016;82.9748;1.787;1222.8;283.3;106.24;75.0903;1.0183;453;55.35
28.02.2016;82.9748;1.708;1229;283.3;106.24;75.0903;1.0252;455.2;55.35
29.02.2016;82.9748;1.701;1245.2;287.6;107;75.0903;1.3227;454;57.1
01.03.2016;83.1023;1.7;1227.4;289.9;108.26;75.8994;1.3037;447;61.19
02.03.2016;80.5333;1.667;1239.8;287;106.12;74.0536;1.3085;451;61.1
03.03.2016;79.9721;1.618;1261.9;294.25;106.99;73.6256;1.3031;461.4;61.61
04.03.2016;80.21;1.67;1260.1;302.25;108.99;73.8242;1.335;462;65.49
05.03.2016;80.1161;1.67;1260.1;302.25;108.99;73.1854;1.335;462;65.49
06.03.2016;80.1161;1.616;1261.4;302.25;108.99;73.1854;1.3488;465;65.49
07.03.2016;80.1161;1.717;1270.8;301;109.47;73.1854;1.3829;461;65.94
08.03.2016;80.1161;1.723;1256.4;301;109.47;73.1854;1.3996;464.4;65.94
09.03.2016;80.1161;1.775;1248.4;296;108.15;73.1854;1.469;468.2;62.45
10.03.2016;79.4488;1.815;1275.8;301.55;108.84;72.3775;1.4624;477.4;63.77
11.03.2016;77.9817;1.806;1251.1;301.6;109.26;71.0928;1.4461;476.2;64.77
12.03.2016;78.4131;1.806;1251.1;301.6;109.26;70.3067;1.4461;476.2;64.77
13.03.2016;78.4131;1.804;1255.6;301.6;109.26;70.3067;1.4507;477.2;64.77
14.03.2016;78.4131;1.817;1230.2;301.05;109.26;70.3067;1.4202;478;65.55
15.03.2016;78.1798;1.848;1232.9;300.6;106.46;70.1542;1.4108;476;66.3
16.03.2016;78.3285;1.882;1257.3;301.25;107;70.5408;1.4272;472.4;69.98
17.03.2016;78.7532;1.933;1263.7;309.4;109.47;71.0256;1.4372;462.4;70.19
18.03.2016;77.1572;1.893;1256;315.55;112.4;68.5598;1.4325;464;70.51
19.03.2016;77.1992;1.893;1256;315.55;112.4;68.4026;1.4325;464;70.51
20.03.2016;77.1992;1.89;1252.1;315.55;112.4;68.4026;1.424;465.6;70.51
21.03.2016;77.1992;1.81;1244.7;313;112.07;68.4026;1.4581;470;73.53
22.03.2016;77.4647;1.851;1235.1;320.35;111.49;68.8086;1.5058;467;72.29
23.03.2016;76.14;1.789;1220.1;309.2;109.1;67.7764;1.4512;463.6;72.94
24.03.2016;75.6902;1.81;1216.7;304.8;108.06;67.6409;1.4714;463.2;73.76
25.03.2016;76.929;1.81;1216.7;304.5;109.1;68.9328;1.4714;463.2;73.21
26.03.2016;76.4004;1.81;1216.7;304.5;109.1;68.4346;1.4714;463.2;73.21
27.03.2016;76.4004;1.785;1213.4;304.5;109.1;68.4346;1.48;465;73.21
28.03.2016;76.4004;1.852;1219;302.5;108.12;68.4346;1.4652;473.6;72.6
29.03.2016;75.6975;1.996;1236.3;296.4;107.05;67.7807;1.4569;476.2;73.69
30.03.2016;76.8611;1.992;1229.9;307.8;109.15;68.7549;1.4242;464.2;74.1
31.03.2016;76.5386;1.954;1232.7;305.2;109.9;67.6076;1.435;471;74.48
01.04.2016;76.9207;1.951;1223.6;301.8;108.52;67.8552;1.4053;474;74.55
02.04.2016;76.4266;1.951;1223.6;301.8;108.52;67.141;1.4053;474;74.55
03.04.2016;76.4266;1.982;1219;301.8;108.52;67.141;1.3964;477;74.55
04.04.2016;76.4266;2.011;1227;309.5;108.2;67.141;1.3781;476.2;74.65
05.04.2016;78.1662;1.938;1230.9;306.2;106.87;68.6753;1.387;471.4;75.4
06.04.2016;78.2798;1.9;1231;309.05;108;68.8901;1.4078;464;79.14
07.04.2016;77.813;2.016;1237.5;306.8;108.51;68.5215;1.407;457.4;78
08.04.2016;77.3688;1.991;1240.1;316.5;112.92;67.796;1.4597;460;79
09.04.2016;76.6888;1.991;1240.1;316.5;112.92;67.4662;1.4597;460;79
10.04.2016;76.6888;1.937;1252.9;316.5;112.92;67.4662;1.4678;455;79
11.04.2016;76.6888;1.926;1255.7;325;117.35;67.4662;1.5013;447;82.2
12.04.2016;76.4957;2.02;1253.9;320;117.95;67.125;1.5294;452.2;79.32
13.04.2016;75.8529;2.04;1234.7;322.3;119.5;66.3456;1.5199;465;78.55
14.04.2016;74.6578;1.947;1230.1;313.6;119.3;65.7662;1.5047;458.6;78.63
15.04.2016;74.794;1.91;1235.8;309.75;119.3;66.4954;1.4659;459.4;78
16.04.2016;74.3405;1.91;1235.8;309.75;119.3;66.0452;1.4659;459.4;78
17.04.2016;74.3405;1.894;1236.8;309.75;119.3;66.0452;1.4214;474;78
18.04.2016;74.3405;1.934;1234.8;303.9;118.2;66.0452;1.4396;480.4;76.68
19.04.2016;77.1273;2.095;1252.5;311.75;121.5;68.2724;1.456;495.4;77.62
20.04.2016;74.3719;2.083;1249.3;322.05;123.75;65.6474;1.5118;511.4;77.26
21.04.2016;75.0107;2.073;1248.9;323;119.17;66.0364;1.5281;497;74.8
22.04.2016;73.4592;2.138;1233.7;322.1;121.25;65.0254;1.5351;472.4;78.21
23.04.2016;74.6959;2.138;1233.7;322.1;121.25;66.2198;1.5351;472.4;78.21
24.04.2016;74.6959;2.161;1235.1;322.1;121.25;66.2198;1.5198;475.6;78.21
25.04.2016;74.6959;2.08;1238;326.9;120.08;66.2198;1.5165;475.4;76.28
26.04.2016;74.9515;2.04;1245.6;331.85;119.7;66.6295;1.58;487.2;75.16
27.04.2016;74.9024;2.144;1251.7;334.95;120.8;66.4559;1.5771;483;75
28.04.2016;73.8023;2.069;1277.4;341.75;124.39;65.1618;1.5945;484.4;76.04
29.04.2016;73.9166;2.14;1294.9;351;123.55;65.1133;1.5848;488.2;77.48
30.04.2016;73.3015;2.14;1294.9;351;123.55;64.3334;1.5848;488.2;77.48
01.05.2016;73.3015;2.132;1295;351;123.55;64.3334;1.5949;488.4;77.48
02.05.2016;73.3015;2.05;1294.6;351;123.55;64.3334;1.5581;486.4;77.48
03.05.2016;73.3015;2.091;1282.7;351;123.55;64.3334;1.5137;471.4;77.48
04.05.2016;73.3015;2.145;1282.7;346;120.96;64.3334;1.5062;471.4;76.89
05.05.2016;76.0512;2.083;1280.1;336.5;120.92;66.1718;1.4821;463.4;78.4
06.05.2016;75.5713;2.093;1289.7;329;120.64;65.8918;1.499;463.6;78.5
07.05.2016;75.5789;2.093;1289.7;329;120.64;66.1928;1.499;463.6;78.5
08.05.2016;75.5789;2.103;1286.7;329;120.64;66.1928;1.5134;465.4;78.5
09.05.2016;75.5789;2.097;1265.6;329;120.64;66.1928;1.4455;458.2;78.5
10.05.2016;75.5789;2.165;1272;323.5;119.55;66.1928;1.4795;462.6;79.87
11.05.2016;75.5406;2.155;1273;324.6;123.45;66.3277;1.5766;459.6;78.9
12.05.2016;75.4505;2.118;1272.6;319;121.2;66.2428;1.5759;467.2;81
13.05.2016;74.1137;2.093;1274.3;322.65;121.07;64.9607;1.59;474.4;80.51
14.05.2016;73.6248;2.093;1274.3;322.65;121.07;64.9306;1.59;474.4;80.51
15.05.2016;73.6248;2.074;1279.1;322.65;121.07;64.9306;1.6035;474.2;80.51
16.05.2016;73.6248;2.034;1280.1;322.6;122.6;64.9306;1.6126;473.2;81.8
17.05.2016;73.4549;2.051;1277.1;322.1;122.71;64.8895;1.6454;482.2;80.56
18.05.2016;73.1006;2;1258.8;329.5;123.12;64.5138;1.632;478.2;78.69
19.05.2016;73.3077;2.027;1255.2;330;120.5;65.0641;1.6401;470;78.1
20.05.2016;74.2755;2.046;1252.9;324.65;121.9;66.211;1.6362;467.2;78.8
21.05.2016;74.4623;2.046;1252.9;324.65;121.9;66.3775;1.6362;467.2;78.8
22.05.2016;74.4623;2.117;1255.4;324.65;121.9;66.3775;1.6303;467;78.8
23.05.2016;74.4623;2.06;1246.2;313.1;121.51;66.3775;1.6431;461.4;81.18
24.05.2016;75.2675;1.979;1227.6;317;123.5;67.0475;1.644;466;81.5
25.05.2016;75.0349;1.967;1229.5;318;127.87;67.0493;1.6495;467.6;80.6
26.05.2016;73.4596;2.142;1217;320.15;132.16;65.8949;1.6162;479.4;82.68
27.05.2016;72.8418;2.167;1212.4;320.6;133.2;65.2062;1.6305;480.6;81
28.05.2016;73.8474;2.167;1212.4;320.6;133.2;66.0413;1.6305;480.6;81
29.05.2016;73.8474;2.163;1202.6;320.6;133.2;66.0413;1.6305;480.6;81
30.05.2016;73.8474;2.172;1212.3;322;134.45;66.0413;1.628;481.2;81.01
31.05.2016;73.497;2.283;1216.7;316;132.56;66.0825;1.5986;465.2;81.7
01.06.2016;73.4406;2.391;1218.1;313;131.36;65.9962;1.626;474;83
02.06.2016;74.2098;2.413;1214.4;311.35;132.3;66.6156;1.6272;485.2;84.4
03.06.2016;74.8191;2.398;1246.5;314.75;131.59;66.7491;1.6141;496.2;88.2
04.06.2016;74.561;2.398;1246.5;314.75;131.59;66.8529;1.6141;496.2;88.2
05.06.2016;74.561;2.452;1244.6;314.75;131.59;66.8529;1.6234;501.2;88.2
06.06.2016;74.561;2.433;1246.2;323.85;133.99;66.8529;1.5896;506.2;87.92
07.06.2016;74.6907;2.489;1251.1;328.85;139.97;65.7894;1.5954;507.4;86.53
08.06.2016;74.1164;2.468;1264.8;342.5;139.39;65.2089;1.6291;518.4;84.04
09.06.2016;73.5538;2.594;1269.3;343.5;139.61;64.6797;1.6092;508.4;85
10.06.2016;72.5682;2.576;1276.3;337.85;133.5;63.7402;1.5559;495.4;83.92
11.06.2016;73.1909;2.576;1276.3;337.85;133.5;64.7077;1.5559;495.4;83.92
12.06.2016;73.1909;2.592;1277.8;337.85;133.5;64.7077;1.5483;498.2;83.92
13.06.2016;73.1909;2.583;1282.5;337.85;133.5;64.7077;1.5222;488.4;83.92
14.06.2016;73.1909;2.604;1288.1;324.8;127.08;64.7077;1.4877;485;83.99
15.06.2016;74.3174;2.593;1305.8;322.85;129.89;66.0306;1.493;488;84.47
16.06.2016;73.9441;2.584;1286.3;316.3;127.1;65.9156;1.4805;489.6;87
17.06.2016;74.246;2.654;1301.6;320.65;128.7;65.8618;1.5131;495;84.7
18.06.2016;73.5609;2.654;1301.6;320.65;128.7;65.4398;1.5131;495;84.7
19.06.2016;73.5609;2.659;1284.6;320.65;128.7;65.4398;1.5159;490.6;84.7
20.06.2016;73.5609;2.724;1289.2;336;132.13;65.4398;1.5715;487.4;85.9
21.06.2016;72.7792;2.749;1271.3;340.95;133.39;64.1509;1.598;475.6;83.52
22.06.2016;72.7865;2.678;1265.4;337.75;134.81;64.1743;1.5836;472.2;84.17
23.06.2016;71.8082;2.644;1342;348;138;63.7162;1.5234;457.4;85.7
24.06.2016;72.9016;2.668;1319.1;333.65;133.4;64.3212;1.5266;465.2;83.42
25.06.2016;72.6582;2.668;1319.1;333.65;133.4;65.5287;1.5266;465.2;83.42
26.06.2016;72.6582;2.649;1330.5;333.65;133.4;65.5287;1.5262;466.2;83.42
27.06.2016;72.6582;2.723;1318.3;328.05;126.2;65.5287;1.4928;460.6;83
28.06.2016;71.942;2.875;1321.8;327;129.57;65.0588;1.5116;457.4;81.2
29.06.2016;71.7117;2.866;1317.7;331.5;133.88;64.8095;1.5205;445.6;83.41
30.06.2016;71.2102;2.962;1333.1;330;133;64.2575;1.5053;442.2;85.5
01.07.2016;71.2926;2.986;1344.9;332.45;133.85;64.1755;1.521;429.2;86.01
02.07.2016;71.0519;2.986;1344.9;332.45;133.85;64.0165;1.521;429.2;86.01
03.07.2016;71.0519;2.894;1349;332.45;133.85;64.0165;1.5142;429.2;86.01
04.07.2016;71.0519;2.915;1345.6;331.2;134.6;64.0165;1.485;429.2;85.17
05.07.2016;70.8553;2.779;1370.5;329.4;131.85;63.6844;1.422;432.4;86.48
06.07.2016;71.6327;2.8;1369.5;320.5;129.36;64.2676;1.4524;431.6;86.45
07.07.2016;71.5135;2.758;1359.5;320.9;131.8;64.6304;1.3715;427.6;87.44
08.07.2016;70.9482;2.817;1367.4;325;134.41;64.05;1.3691;436;89
09.07.2016;71.1684;2.817;1367.4;325;134.41;64.2488;1.3691;436;89
10.07.2016;71.1684;2.834;1366.8;325;134.41;64.2488;1.3668;435.6;89
11.07.2016;71.1684;2.717;1355.2;328.35;137.2;64.2488;1.382;431.6;87.73
12.07.2016;70.8152;2.729;1338.1;339.4;140.4;64.2024;1.4102;440.4;89.79
13.07.2016;70.9833;2.754;1338;336.5;139.4;63.9029;1.3937;442;90.46
14.07.2016;70.5577;2.727;1330.1;336.5;140;63.8531;1.4044;437.4;87.78
15.07.2016;70.5644;2.756;1337.7;335;138.12;63.5773;1.427;425.4;87.18
16.07.2016;70.3395;2.756;1337.7;335;138.12;63.1697;1.427;425.4;87.18
17.07.2016;70.3395;2.783;1328;335;138.12;63.1697;1.4227;427.2;87.18
18.07.2016;70.3395;2.727;1330.5;333.7;139.93;63.1697;1.3878;426;86.9
19.07.2016;69.7741;2.725;1332;329.5;139.47;63.1154;1.3809;420.4;87.58
20.07.2016;69.6974;2.646;1315;329.05;138.57;62.9891;1.3661;414.4;86.86
21.07.2016;69.6967;2.668;1327.6;334.3;138.5;63.4183;1.3564;417.6;85.2
22.07.2016;70.3022;2.781;1322.1;334.3;137.8;63.7373;1.36;425.6;86.88
23.07.2016;71.2513;2.781;1322.1;334.3;137.8;64.627;1.36;425.6;86.88
24.07.2016;71.2513;2.8;1317.4;334.3;137.8;64.627;1.356;427.6;86.88
25.07.2016;71.2513;2.716;1319.3;334;136;64.627;1.3345;427.2;86.6
26.07.2016;71.209;2.686;1319.7;330;135.75;64.9184;1.3443;417;86.1
27.07.2016;72.3478;2.676;1338.3;329.9;136.9;65.7408;1.335;419;85.4
28.07.2016;72.515;2.856;1337.4;334;136.85;65.9467;1.3006;411;86.08
29.07.2016;73.4047;2.855;1349.7;325.5;139.15;66.1125;1.321;409;85.7
30.07.2016;74.3799;2.855;1349.7;325.5;139.15;67.0512;1.321;409;85.7
31.07.2016;74.3799;2.836;1357.4;325.5;139.15;67.0512;1.3328;410.6;85.7
01.08.2016;74.3799;2.776;1356.1;325.6;138.52;67.0512;1.3122;407;86.25
02.08.2016;73.6523;2.742;1370.6;317.35;135.06;65.9553;1.3139;402.4;86
03.08.2016;74.9007;2.846;1357.9;323.25;135.73;66.8816;1.3518;411;86.5
04.08.2016;74.7978;2.825;1368.6;329;137.14;66.742;1.3579;406.6;86.55
05.08.2016;73.9232;2.761;1341.4;329.9;138.69;66.3941;1.375;416.4;87
06.08.2016;73.0303;2.761;1341.4;329.9;138.69;65.5627;1.375;416.4;87
07.08.2016;73.0303;2.741;1343.6;329.9;138.69;65.5627;1.374;418.6;87
08.08.2016;73.0303;2.737;1339.4;329;139.45;65.5627;1.3521;418;86
09.08.2016;72.1476;2.621;1358.7;329.9;139.2;65.0799;1.3584;417.4;86
10.08.2016;71.7556;2.577;1348.3;326.6;138.3;64.7848;1.297;422.4;85.45
11.08.2016;72.2349;2.532;1343.7;325.05;139.7;64.8137;1.3719;415.6;85.5
12.08.2016;72.4644;2.595;1341.7;330.85;139.45;64.9497;1.371;422;85.79
13.08.2016;71.7158;2.595;1341.7;330.85;139.45;64.3364;1.371;422;85.79
14.08.2016;71.7158;2.569;1343.7;330.85;139.45;64.3364;1.3766;424.6;85.79
15.08.2016;71.7158;2.591;1350.6;339;139.5;64.3364;1.3957;437.2;85.25
16.08.2016;71.7263;2.624;1348.2;343.5;138.1;64.2076;1.3998;440.2;83.6
17.08.2016;71.9645;2.627;1357.6;345.55;138.44;63.9514;1.4539;443;82.37
18.08.2016;72.0832;2.663;1351.8;351.85;137;63.9943;1.4922;442.4;83.39
19.08.2016;71.9371;2.571;1345.8;349.05;135.8;63.5487;1.5075;444.6;83.25
20.08.2016;72.4558;2.571;1345.8;349.05;135.8;63.9391;1.5075;444.6;83.25
21.08.2016;72.4558;2.625;1338.3;349.05;135.8;63.9391;1.495;443.6;83.25
22.08.2016;72.4558;2.663;1342.4;351.75;137.37;63.9391;1.4698;431.4;82.95
23.08.2016;72.4457;2.756;1340.4;351;140.35;64.2078;1.4868;427.4;85.18
24.08.2016;73.4733;2.795;1329.6;350.2;139.5;64.7684;1.4996;428;88.23
25.08.2016;73.2074;2.85;1327.2;348.2;142.84;64.814;1.5074;423.4;90.99
26.08.2016;73.2135;2.854;1324;350.55;145.25;64.9459;1.5054;406.2;94
27.08.2016;73.0892;2.854;1324;350.55;145.25;64.738;1.5054;406.2;94
28.08.2016;73.0892;2.858;1320.1;350.55;145.25;64.738;1.4947;405.6;94
29.08.2016;73.0892;2.895;1326.8;350.6;143.55;64.738;1.4711;399;94.2
30.08.2016;72.7996;2.836;1318.2;348;143.18;65.081;1.4455;393;99
31.08.2016;72.5013;2.868;1312.6;344.7;143.5;64.9072;1.3427;391.4;98.65
01.09.2016;72.6859;2.804;1316.9;341.3;144.25;65.2535;1.2795;396.6;100.27
02.09.2016;72.6828;2.791;1328.8;349.9;146.88;65.2566;1.2893;399.2;101.95
03.09.2016;73.7199;2.791;1328.8;349.9;146.88;65.8684;1.2893;399.2;101.95
04.09.2016;73.7199;2.757;1328.4;349.9;146.88;65.8684;1.2898;399.2;101.95
05.09.2016;73.7199;2.76;1330.1;353.6;149.5;65.8684;1.3168;396.4;104.7
06.09.2016;72.3742;2.72;1356.8;358;150.64;64.7644;1.3212;399;103.97
07.09.2016;72.3639;2.695;1350.9;364;154.33;64.8306;1.3646;402.6;107.35
08.09.2016;72.4022;2.809;1342.6;364.75;153.45;64.3804;1.4007;404.2;105.98
09.09.2016;72.0464;2.797;1331.8;362.4;151.6;63.973;1.3588;402.4;103.8
10.09.2016;72.3359;2.797;1331.8;362.4;151.6;64.1617;1.3588;402.4;103.8
11.09.2016;72.3359;2.841;1331.9;362.4;151.6;64.1617;1.3654;400.4;103.8
12.09.2016;72.3359;2.898;1333.7;367;151.43;64.1617;1.38;409.4;106
13.09.2016;73.1986;2.918;1323.5;363.9;149.8;65.0539;1.3804;401;104.03
14.09.2016;72.7559;2.879;1325.2;367.15;150.86;64.8102;1.3727;402.6;103.07
15.09.2016;72.946;2.908;1317.1;367.9;149.14;64.9737;1.4296;397.2;104.51
16.09.2016;73.2126;2.956;1313.2;360.85;147;65.217;1.466;403.4;104.2
17.09.2016;73.0208;2.956;1313.2;360.85;147;64.994;1.466;403.4;104.2
18.09.2016;73.0208;2.942;1318.7;360.85;147;64.994;1.4654;407;104.2
19.09.2016;73.0208;2.944;1319.6;361.2;148.66;64.994;1.413;403.6;107.53
20.09.2016;72.4477;3.073;1314.7;358.8;149.3;64.9173;1.3852;403.4;108.09
21.09.2016;72.5279;3.083;1337.3;360;150.67;64.7513;1.4032;408.4;111.5
22.09.2016;71.8404;3.003;1338.3;360.45;154.18;64.4424;1.3825;402.6;113
23.09.2016;71.6728;2.976;1341.1;356.05;151.5;63.7942;1.375;403.6;114.25
24.09.2016;71.5854;2.976;1341.1;356.05;151.5;63.8642;1.375;403.6;114.25
25.09.2016;71.5854;2.976;1336.9;356.05;151.5;63.8642;1.3838;406;114.25
26.09.2016;71.5854;3.009;1339.1;350.35;149.1;63.8642;1.399;397.2;117
27.09.2016;72.0604;2.987;1329;341;147.53;64.1506;1.4083;405;117
28.09.2016;71.6409;3.017;1328.4;341.3;147.18;63.6921;1.478;404.2;116
29.09.2016;71.5738;2.951;1327.1;349.2;148.47;63.9509;1.4697;399.4;117.49
30.09.2016;70.8823;2.903;1318.8;342.8;145.34;63.1581;1.4874;402;116.93
01.10.2016;70.9338;2.903;1318.8;342.8;145.34;63.396;1.4874;402;116.93
02.10.2016;70.9338;2.902;1317.2;342.8;145.34;63.396;1.4542;401;116.93
03.10.2016;70.9338;2.906;1313.4;346;148.87;63.396;1.4772;395;119.2
04.10.2016;70.2411;2.978;1276.6;346.6;148.1;62.5477;1.5033;395.4;122.4
05.10.2016;69.7556;3.023;1267.4;341.7;147.95;62.4323;1.4779;407.4;121.2
06.10.2016;70.0782;3.029;1255.6;343.4;148.9;62.4583;1.4968;398.2;122
07.10.2016;69.8518;3.172;1258.6;341.5;148.74;62.39;1.4777;394.2;118.77
08.10.2016;69.2312;3.172;1258.6;341.5;148.74;62.3031;1.4777;394.2;118.77
09.10.2016;69.2312;3.163;1265.3;341.5;148.74;62.3031;1.4698;398;118.77
10.10.2016;69.2312;3.265;1260.1;361;151.27;62.3031;1.4903;405.2;115.8
11.10.2016;69.7253;3.225;1258;362.05;151.3;62.3884;1.4875;405.6;121.9
12.10.2016;69.1231;3.215;1261;363.15;149.2;62.1946;1.4514;398.4;119.4
13.10.2016;69.1173;3.342;1256.3;359.4;146.09;62.5892;1.4867;419;116.45
14.10.2016;69.7255;3.284;1251.7;353.85;146.73;63.3465;1.4971;420.4;116
15.10.2016;69.3746;3.284;1251.7;353.85;146.73;62.9934;1.4971;420.4;116
16.10.2016;69.3746;3.244;1255.2;353.85;146.73;62.9934;1.4978;422;116
17.10.2016;69.3746;3.26;1258.9;348;146.46;62.9934;1.5022;423.6;118.92
18.10.2016;69.3587;3.256;1261.5;345.75;147.74;63.151;1.5033;419.6;118.07
19.10.2016;69.2608;3.185;1272.7;345.1;148.6;62.89;1.5115;421;120.22
20.10.2016;68.7674;3.105;1262.9;342.8;148.26;62.5841;1.493;417.6;124
21.10.2016;68.4741;2.961;1266.7;344.3;148.42;62.4194;1.532;414.2;126.69
22.10.2016;68.0267;2.961;1266.7;344.3;148.42;62.4499;1.532;414.2;126.69
23.10.2016;68.0267;3.026;1265;344.3;148.42;62.4499;1.5266;413.6;126.69
24.10.2016;68.0267;2.825;1266.8;347.75;149.15;62.4499;1.4969;402.6;129.99
25.10.2016;67.7302;2.755;1276;348.7;151.57;62.2349;1.474;405.4;128.67
26.10.2016;67.4958;2.729;1267.9;347.6;150.67;62.048;1.492;413.4;128.12
27.10.2016;67.9253;3.089;1271.8;346.7;149.3;62.2597;1.4883;417;126
28.10.2016;68.7576;3.114;1276;349.9;149.2;63.0399;1.4685;409;129.19
29.10.2016;68.6783;3.114;1276;349.9;149.2;62.9037;1.4685;409;129.19
30.10.2016;68.6783;3.116;1277.9;349.9;149.2;62.9037;1.4635;411.2;129.19
31.10.2016;68.6783;3.003;1277.4;347.65;147.4;62.9037;1.5749;415.2;129.95
01.11.2016;69.2863;2.848;1293.7;354.8;145.85;63.2174;1.4695;414.6;134.04
02.11.2016;69.3647;2.768;1305.9;348.15;142.36;63.2025;1.4498;417.2;135.3
03.11.2016;70.2339;2.8;1299.8;342;142.75;63.4166;1.4184;411;130.85
04.11.2016;70.5977;2.781;1305.2;342;142.75;63.5043;1.388;413.2;130.85
05.11.2016;70.5977;2.781;1305.2;342;142.75;63.5043;1.388;413.2;130.85
06.11.2016;70.5977;2.837;1290.9;342;142.75;63.5043;1.3858;414.2;130.85
07.11.2016;70.5977;2.806;1283.7;341;143.4;63.5043;1.3689;408.4;128
08.11.2016;70.6944;2.584;1325.8;340.5;146.11;63.9074;1.3466;411.4;125.15
09.11.2016;70.4542;2.707;1287;347.6;151.04;63.7364;1.3606;411;129.1
10.11.2016;71.3491;2.645;1261.1;351.05;153.36;63.8928;1.343;406.4;128.9
11.11.2016;69.3392;2.626;1227.4;342.1;151.51;63.4161;1.2977;403.2;129.6
12.11.2016;71.1253;2.626;1227.4;342.1;151.51;65.2167;1.2977;403.2;129.6
13.11.2016;71.1253;2.671;1215.6;342.1;151.51;65.2167;1.3003;401.4;129.6
14.11.2016;71.1253;2.787;1223.8;337.7;150.4;65.2167;1.2913;393.2;129.5
15.11.2016;71.0488;2.709;1230.5;338;149.85;65.8591;1.3423;418.2;130
16.11.2016;70.6156;2.773;1226.5;339.25;149.94;65.5548;1.316;416;129.99
17.11.2016;69.2388;2.707;1206.8;338.15;149.75;64.5463;1.333;418;128.8
18.11.2016;69.4984;2.847;1207.3;337;150.05;64.9154;1.3355;424.2;129.91
19.11.2016;68.9889;2.847;1207.3;337;150.05;65.1023;1.3355;424.2;129.91
20.11.2016;68.9889;2.935;1211.8;337;150.05;65.1023;1.35;427.6;129.91
21.11.2016;68.9889;2.989;1217.8;340.55;153;65.1023;1.4153;427.4;130.19
22.11.2016;68.3611;2.961;1211.8;341.8;155;64.358;1.4053;425.6;129.2
23.11.2016;67.5413;3.022;1185.8;347.45;155.23;63.6282;1.4213;424;130.86
24.11.2016;68.054;3.028;1177.6;346.55;161.15;64.0087;1.4216;424;130.86
25.11.2016;68.0855;3.071;1183.4;341.5;160.36;64.6279;1.369;418.4;130
26.11.2016;68.4363;3.071;1183.4;341.5;160.36;64.6174;1.369;418.4;130
27.11.2016;68.4363;3.144;1192.2;341.5;160.36;64.6174;1.3722;420.4;130
28.11.2016;68.4363;3.346;1190.1;336.6;159.4;64.6174;1.405;414.6;130.16
29.11.2016;69.1608;3.332;1188.5;336.75;158.07;64.9153;1.3788;410;131.74
30.11.2016;68.8416;3.335;1176.6;340.2;158.7;64.9449;1.4979;401.4;134.83
01.12.2016;69.3417;3.542;1175.8;338.5;158.7;65.2382;1.5276;397.6;135.7
02.12.2016;67.6162;3.455;1179.2;340;159.4;63.6807;1.5547;404.2;135.9
03.12.2016;68.4703;3.455;1179.2;340;159.4;64.1528;1.5547;404.2;135.9
04.12.2016;68.4703;3.477;1179.3;340;159.4;64.1528;1.5498;406.2;135.9
05.12.2016;68.4703;3.598;1172.7;351.5;162.02;64.1528;1.5511;408.6;139
06.12.2016;67.766;3.67;1168.6;352.65;159.35;63.9242;1.5422;406.2;139.5
07.12.2016;68.6902;3.612;1178.9;356.25;159.95;63.8741;1.5051;402.2;141.9
08.12.2016;68.5002;3.711;1169.6;375.85;168.98;63.9114;1.508;406.6;146.58
09.12.2016;68.2458;3.724;1161.4;370.8;169.66;63.3901;1.508;413;147.68
10.12.2016;67.2086;3.724;1161.4;370.8;169.66;63.3028;1.508;413;147.68
11.12.2016;67.2086;3.558;1159;370.8;169.66;63.3028;1.5608;413.2;147.68
12.12.2016;67.2086;3.515;1162.7;388.15;175.4;63.3028;1.538;414.6;150.2
13.12.2016;65.072;3.474;1162.2;397.8;176.9;61.5804;1.5284;416;152.6
14.12.2016;64.9774;3.573;1142.9;403.05;173.7;61.069;1.5408;417.4;146.2
15.12.2016;64.7543;3.429;1133.3;400.45;174.92;60.8079;1.5431;409.2;150.51
16.12.2016;64.6139;3.382;1136.8;410.5;173.9;61.6368;1.5586;411;149.8
17.12.2016;64.4809;3.382;1136.8;410.5;173.9;61.7515;1.5586;411;149.8
18.12.2016;64.4809;3.381;1141.6;410.5;173.9;61.7515;1.5634;411.6;149.8
19.12.2016;64.4809;3.389;1137;402.6;174.3;61.7515;1.5593;404.6;148.82
20.12.2016;64.6727;3.326;1136.9;400.15;175.9;61.7931;1.5975;404.2;157.84
21.12.2016;64.2006;3.587;1130.6;399.65;174.71;61.7967;1.5952;398.6;158.36
22.12.2016;63.6086;3.566;1133;391.6;170;61.1092;1.597;397.2;155.63
23.12.2016;63.5604;3.677;1135.2;382.85;171.15;60.8641;1.6205;393.4;153.3
24.12.2016;63.5425;3.677;1135.2;382.85;171.15;60.8528;1.6205;393.4;153.3
25.12.2016;63.5425;3.677;1135.2;382.85;171.15;60.8528;1.6205;393.4;153.3
26.12.2016;63.5425;3.762;1138.6;388.65;171.97;60.8528;1.6237;397;153.8
27.12.2016;63.7285;3.72;1143.4;398;172.27;60.9084;1.653;409.6;152.99
28.12.2016;63.573;3.853;1148.9;398.2;170.1;60.8587;1.6829;403.4;152.98
29.12.2016;63.4879;3.805;1162.1;398.8;171.3;60.6669;1.681;405;152
30.12.2016;63.0214;3.744;1152;402.8;173.25;60.273;1.6651;408.6;152.85
31.12.2016;63.8111;3.744;1152;402.8;173.25;60.6569;1.6651;408.6;152.85
01.01.2017;63.8111;3.744;1152;402.8;173.25;60.6569;1.6651;408.6;152.85
02.01.2017;63.8111;3.461;1158.3;402.8;173.25;60.6569;1.6807;408;152.85
