<TICKER>;<PER>;<DATE>;<TIME>;<CLOSE>
NYMEX.NG;D;16/01/08;000000;8.1350000
NYMEX.NG;D;17/01/08;000000;8.0700000
NYMEX.NG;D;18/01/08;000000;7.9180000
NYMEX.NG;D;19/01/08;000000;7.9880000
NYMEX.NG;D;21/01/08;000000;7.8250000
NYMEX.NG;D;22/01/08;000000;7.6340000
NYMEX.NG;D;23/01/08;000000;7.6640000
NYMEX.NG;D;24/01/08;000000;7.8280000
NYMEX.NG;D;25/01/08;000000;7.9770000
NYMEX.NG;D;26/01/08;000000;7.9880000
NYMEX.NG;D;28/01/08;000000;8.0970000
NYMEX.NG;D;29/01/08;000000;7.9900000
NYMEX.NG;D;30/01/08;000000;8.0530000
NYMEX.NG;D;31/01/08;000000;8.0590000
NYMEX.NG;D;01/02/08;000000;7.7280000
NYMEX.NG;D;02/02/08;000000;7.7190000
NYMEX.NG;D;04/02/08;000000;7.8530000
NYMEX.NG;D;05/02/08;000000;7.9640000
NYMEX.NG;D;06/02/08;000000;7.9810000
NYMEX.NG;D;07/02/08;000000;8.1600000
NYMEX.NG;D;08/02/08;000000;8.2610000
NYMEX.NG;D;09/02/08;000000;8.2500000
NYMEX.NG;D;11/02/08;000000;8.5260000
NYMEX.NG;D;12/02/08;000000;8.3830000
NYMEX.NG;D;13/02/08;000000;8.3850000
NYMEX.NG;D;14/02/08;000000;8.7620000
NYMEX.NG;D;15/02/08;000000;8.6670000
NYMEX.NG;D;16/02/08;000000;8.6970000
NYMEX.NG;D;18/02/08;000000;8.7850000
NYMEX.NG;D;19/02/08;000000;8.9950000
NYMEX.NG;D;20/02/08;000000;8.9230000
NYMEX.NG;D;21/02/08;000000;8.8830000
NYMEX.NG;D;22/02/08;000000;9.2100000
NYMEX.NG;D;23/02/08;000000;9.2390000
NYMEX.NG;D;25/02/08;000000;9.1760000
NYMEX.NG;D;26/02/08;000000;9.1560000
NYMEX.NG;D;27/02/08;000000;8.9900000
NYMEX.NG;D;28/02/08;000000;9.4560000
NYMEX.NG;D;29/02/08;000000;9.3580000
NYMEX.NG;D;01/03/08;000000;9.3950000
NYMEX.NG;D;03/03/08;000000;9.3170000
NYMEX.NG;D;04/03/08;000000;9.3820000
NYMEX.NG;D;05/03/08;000000;9.7630000
NYMEX.NG;D;06/03/08;000000;9.7640000
NYMEX.NG;D;07/03/08;000000;9.7870000
NYMEX.NG;D;08/03/08;000000;9.8170000
NYMEX.NG;D;10/03/08;000000;10.0440000
NYMEX.NG;D;11/03/08;000000;10.0320000
NYMEX.NG;D;12/03/08;000000;10.0520000
NYMEX.NG;D;13/03/08;000000;10.2500000
NYMEX.NG;D;14/03/08;000000;9.8300000
NYMEX.NG;D;15/03/08;000000;9.8000000
NYMEX.NG;D;17/03/08;000000;9.1800000
NYMEX.NG;D;18/03/08;000000;9.4400000
NYMEX.NG;D;19/03/08;000000;8.9910000
NYMEX.NG;D;20/03/08;000000;9.1210000
NYMEX.NG;D;21/03/08;000000;9.1400000
NYMEX.NG;D;24/03/08;000000;9.3530000
NYMEX.NG;D;25/03/08;000000;9.4450000
NYMEX.NG;D;26/03/08;000000;9.5580000
NYMEX.NG;D;27/03/08;000000;9.6870000
NYMEX.NG;D;28/03/08;000000;9.8280000
NYMEX.NG;D;29/03/08;000000;9.8240000
NYMEX.NG;D;30/03/08;000000;10.1010000
NYMEX.NG;D;31/03/08;000000;10.0950000
NYMEX.NG;D;01/04/08;000000;9.5850000
NYMEX.NG;D;02/04/08;000000;9.8280000
NYMEX.NG;D;03/04/08;000000;9.3820000
NYMEX.NG;D;04/04/08;000000;9.3320000
NYMEX.NG;D;05/04/08;000000;9.2900000
NYMEX.NG;D;06/04/08;000000;9.7910000
NYMEX.NG;D;07/04/08;000000;9.7360000
NYMEX.NG;D;08/04/08;000000;9.7170000
NYMEX.NG;D;09/04/08;000000;10.1080000
NYMEX.NG;D;10/04/08;000000;10.0270000
NYMEX.NG;D;11/04/08;000000;9.9150000
NYMEX.NG;D;12/04/08;000000;9.8850000
NYMEX.NG;D;13/04/08;000000;10.0530000
NYMEX.NG;D;14/04/08;000000;10.0740000
NYMEX.NG;D;15/04/08;000000;10.2490000
NYMEX.NG;D;16/04/08;000000;10.4140000
NYMEX.NG;D;17/04/08;000000;10.3450000
NYMEX.NG;D;18/04/08;000000;10.6400000
NYMEX.NG;D;19/04/08;000000;10.6500000
NYMEX.NG;D;20/04/08;000000;10.7330000
NYMEX.NG;D;21/04/08;000000;10.7030000
NYMEX.NG;D;22/04/08;000000;10.5610000
NYMEX.NG;D;23/04/08;000000;10.8250000
NYMEX.NG;D;24/04/08;000000;10.7840000
NYMEX.NG;D;25/04/08;000000;10.9890000
NYMEX.NG;D;26/04/08;000000;11.0200000
NYMEX.NG;D;27/04/08;000000;11.3290000
NYMEX.NG;D;28/04/08;000000;11.2740000
NYMEX.NG;D;29/04/08;000000;10.7860000
NYMEX.NG;D;30/04/08;000000;10.9140000
NYMEX.NG;D;01/05/08;000000;10.5570000
NYMEX.NG;D;02/05/08;000000;10.7400000
NYMEX.NG;D;03/05/08;000000;10.7820000
NYMEX.NG;D;04/05/08;000000;11.1780000
NYMEX.NG;D;05/05/08;000000;11.1900000
NYMEX.NG;D;06/05/08;000000;11.0910000
NYMEX.NG;D;07/05/08;000000;11.3250000
NYMEX.NG;D;08/05/08;000000;11.2920000
NYMEX.NG;D;09/05/08;000000;11.5800000
NYMEX.NG;D;10/05/08;000000;11.6050000
NYMEX.NG;D;11/05/08;000000;11.3010000
NYMEX.NG;D;12/05/08;000000;11.2790000
NYMEX.NG;D;13/05/08;000000;11.4100000
NYMEX.NG;D;14/05/08;000000;11.5550000
NYMEX.NG;D;15/05/08;000000;11.3950000
NYMEX.NG;D;16/05/08;000000;11.0800000
NYMEX.NG;D;17/05/08;000000;11.0950000
NYMEX.NG;D;18/05/08;000000;10.9540000
NYMEX.NG;D;19/05/08;000000;10.9520000
NYMEX.NG;D;20/05/08;000000;11.3780000
NYMEX.NG;D;21/05/08;000000;11.7110000
NYMEX.NG;D;22/05/08;000000;11.6750000
NYMEX.NG;D;23/05/08;000000;11.8830000
NYMEX.NG;D;24/05/08;000000;11.9420000
NYMEX.NG;D;26/05/08;000000;12.0420000
NYMEX.NG;D;27/05/08;000000;11.8000000
NYMEX.NG;D;28/05/08;000000;11.9160000
NYMEX.NG;D;29/05/08;000000;11.4690000
NYMEX.NG;D;30/05/08;000000;11.7600000
NYMEX.NG;D;31/05/08;000000;11.7820000
NYMEX.NG;D;01/06/08;000000;11.9690000
NYMEX.NG;D;02/06/08;000000;12.0500000
NYMEX.NG;D;03/06/08;000000;12.2470000
NYMEX.NG;D;04/06/08;000000;12.4220000
NYMEX.NG;D;05/06/08;000000;12.5130000
NYMEX.NG;D;06/06/08;000000;12.6860000
NYMEX.NG;D;07/06/08;000000;12.6720000
NYMEX.NG;D;08/06/08;000000;12.6040000
NYMEX.NG;D;09/06/08;000000;12.6220000
NYMEX.NG;D;10/06/08;000000;12.4400000
NYMEX.NG;D;11/06/08;000000;12.6900000
NYMEX.NG;D;12/06/08;000000;12.8040000
NYMEX.NG;D;13/06/08;000000;12.6270000
NYMEX.NG;D;14/06/08;000000;12.6150000
NYMEX.NG;D;15/06/08;000000;12.9330000
NYMEX.NG;D;16/06/08;000000;12.9050000
NYMEX.NG;D;17/06/08;000000;12.9810000
NYMEX.NG;D;18/06/08;000000;13.2640000
NYMEX.NG;D;19/06/08;000000;12.8100000
NYMEX.NG;D;20/06/08;000000;13.0110000
NYMEX.NG;D;21/06/08;000000;12.9970000
NYMEX.NG;D;22/06/08;000000;13.2030000
NYMEX.NG;D;23/06/08;000000;13.2220000
NYMEX.NG;D;24/06/08;000000;13.0140000
NYMEX.NG;D;25/06/08;000000;12.6910000
NYMEX.NG;D;26/06/08;000000;13.1300000
NYMEX.NG;D;27/06/08;000000;13.2610000
NYMEX.NG;D;28/06/08;000000;13.2420000
NYMEX.NG;D;29/06/08;000000;13.3530000
NYMEX.NG;D;30/06/08;000000;13.3840000
NYMEX.NG;D;01/07/08;000000;13.5270000
NYMEX.NG;D;02/07/08;000000;13.4120000
NYMEX.NG;D;03/07/08;000000;13.6000000
NYMEX.NG;D;04/07/08;000000;13.5700000
NYMEX.NG;D;05/07/08;000000;13.5720000
NYMEX.NG;D;06/07/08;000000;12.9770000
NYMEX.NG;D;07/07/08;000000;13.0020000
NYMEX.NG;D;08/07/08;000000;12.3090000
NYMEX.NG;D;09/07/08;000000;11.9160000
NYMEX.NG;D;10/07/08;000000;12.4100000
NYMEX.NG;D;11/07/08;000000;11.8550000
NYMEX.NG;D;12/07/08;000000;11.8200000
NYMEX.NG;D;13/07/08;000000;11.9400000
NYMEX.NG;D;14/07/08;000000;11.9540000
NYMEX.NG;D;15/07/08;000000;11.4630000
NYMEX.NG;D;16/07/08;000000;11.4520000
NYMEX.NG;D;17/07/08;000000;10.6110000
NYMEX.NG;D;18/07/08;000000;10.6840000
NYMEX.NG;D;19/07/08;000000;10.6600000
NYMEX.NG;D;20/07/08;000000;10.5030000
NYMEX.NG;D;21/07/08;000000;10.5620000
NYMEX.NG;D;22/07/08;000000;10.0650000
NYMEX.NG;D;23/07/08;000000;9.7000000
NYMEX.NG;D;24/07/08;000000;9.3050000
NYMEX.NG;D;25/07/08;000000;9.0710000
NYMEX.NG;D;26/07/08;000000;9.0600000
NYMEX.NG;D;27/07/08;000000;9.2200000
NYMEX.NG;D;28/07/08;000000;9.1350000
NYMEX.NG;D;29/07/08;000000;9.2050000
NYMEX.NG;D;30/07/08;000000;9.0320000
NYMEX.NG;D;31/07/08;000000;9.1010000
NYMEX.NG;D;01/08/08;000000;9.4050000
NYMEX.NG;D;02/08/08;000000;9.4100000
NYMEX.NG;D;03/08/08;000000;8.7260000
NYMEX.NG;D;04/08/08;000000;8.7200000
NYMEX.NG;D;05/08/08;000000;8.6630000
NYMEX.NG;D;06/08/08;000000;8.7860000
NYMEX.NG;D;07/08/08;000000;8.5800000
NYMEX.NG;D;08/08/08;000000;8.3090000
NYMEX.NG;D;09/08/08;000000;8.3080000
NYMEX.NG;D;10/08/08;000000;8.3490000
NYMEX.NG;D;11/08/08;000000;8.4080000
NYMEX.NG;D;12/08/08;000000;8.3680000
NYMEX.NG;D;13/08/08;000000;8.4700000
NYMEX.NG;D;14/08/08;000000;8.1240000
NYMEX.NG;D;15/08/08;000000;8.0650000
NYMEX.NG;D;16/08/08;000000;8.0750000
NYMEX.NG;D;17/08/08;000000;7.8880000
NYMEX.NG;D;18/08/08;000000;7.8520000
NYMEX.NG;D;19/08/08;000000;8.0120000
NYMEX.NG;D;20/08/08;000000;8.1160000
NYMEX.NG;D;21/08/08;000000;8.3110000
NYMEX.NG;D;22/08/08;000000;7.8250000
NYMEX.NG;D;23/08/08;000000;7.8200000
NYMEX.NG;D;24/08/08;000000;7.8790000
NYMEX.NG;D;25/08/08;000000;7.8450000
NYMEX.NG;D;26/08/08;000000;8.2850000
NYMEX.NG;D;27/08/08;000000;8.4200000
NYMEX.NG;D;28/08/08;000000;8.0950000
NYMEX.NG;D;29/08/08;000000;7.9900000
NYMEX.NG;D;30/08/08;000000;8.0040000
NYMEX.NG;D;31/08/08;000000;7.9550000
NYMEX.NG;D;01/09/08;000000;7.5120000
NYMEX.NG;D;02/09/08;000000;7.2630000
NYMEX.NG;D;03/09/08;000000;7.2790000
NYMEX.NG;D;04/09/08;000000;7.3420000
NYMEX.NG;D;05/09/08;000000;7.4480000
NYMEX.NG;D;06/09/08;000000;7.4550000
NYMEX.NG;D;07/09/08;000000;7.5270000
NYMEX.NG;D;08/09/08;000000;7.5400000
NYMEX.NG;D;09/09/08;000000;7.3910000
NYMEX.NG;D;10/09/08;000000;7.3890000
NYMEX.NG;D;11/09/08;000000;7.2100000
NYMEX.NG;D;12/09/08;000000;7.3970000
NYMEX.NG;D;13/09/08;000000;7.4370000
NYMEX.NG;D;14/09/08;000000;7.4610000
NYMEX.NG;D;15/09/08;000000;7.3860000
NYMEX.NG;D;16/09/08;000000;7.2750000
NYMEX.NG;D;17/09/08;000000;7.8910000
NYMEX.NG;D;18/09/08;000000;7.5940000
NYMEX.NG;D;19/09/08;000000;7.5530000
NYMEX.NG;D;20/09/08;000000;7.4940000
NYMEX.NG;D;21/09/08;000000;7.6580000
NYMEX.NG;D;22/09/08;000000;7.6700000
NYMEX.NG;D;23/09/08;000000;7.9810000
NYMEX.NG;D;24/09/08;000000;7.6900000
NYMEX.NG;D;25/09/08;000000;7.7310000
NYMEX.NG;D;26/09/08;000000;7.4900000
NYMEX.NG;D;27/09/08;000000;7.6500000
NYMEX.NG;D;28/09/08;000000;7.2210000
NYMEX.NG;D;29/09/08;000000;7.1850000
NYMEX.NG;D;30/09/08;000000;7.4900000
NYMEX.NG;D;01/10/08;000000;7.7660000
NYMEX.NG;D;02/10/08;000000;7.4500000
NYMEX.NG;D;03/10/08;000000;7.3600000
NYMEX.NG;D;04/10/08;000000;7.3700000
NYMEX.NG;D;05/10/08;000000;6.8350000
NYMEX.NG;D;06/10/08;000000;6.8830000
NYMEX.NG;D;07/10/08;000000;6.7960000
NYMEX.NG;D;08/10/08;000000;6.7370000
NYMEX.NG;D;09/10/08;000000;6.7540000
NYMEX.NG;D;10/10/08;000000;6.6560000
NYMEX.NG;D;11/10/08;000000;6.6250000
NYMEX.NG;D;12/10/08;000000;6.7070000
NYMEX.NG;D;13/10/08;000000;6.7000000
NYMEX.NG;D;14/10/08;000000;6.7670000
NYMEX.NG;D;15/10/08;000000;6.6030000
NYMEX.NG;D;16/10/08;000000;6.7730000
NYMEX.NG;D;17/10/08;000000;6.8670000
NYMEX.NG;D;18/10/08;000000;6.8250000
NYMEX.NG;D;19/10/08;000000;6.7940000
NYMEX.NG;D;20/10/08;000000;6.7700000
NYMEX.NG;D;21/10/08;000000;6.8620000
NYMEX.NG;D;22/10/08;000000;6.7500000
NYMEX.NG;D;23/10/08;000000;6.3950000
NYMEX.NG;D;24/10/08;000000;6.2260000
NYMEX.NG;D;25/10/08;000000;6.1960000
NYMEX.NG;D;27/10/08;000000;6.1220000
NYMEX.NG;D;28/10/08;000000;6.3060000
NYMEX.NG;D;29/10/08;000000;6.8790000
NYMEX.NG;D;30/10/08;000000;6.4020000
NYMEX.NG;D;31/10/08;000000;6.7280000
NYMEX.NG;D;01/11/08;000000;6.7100000
NYMEX.NG;D;03/11/08;000000;6.8470000
NYMEX.NG;D;04/11/08;000000;7.2450000
NYMEX.NG;D;05/11/08;000000;7.2500000
NYMEX.NG;D;06/11/08;000000;6.9360000
NYMEX.NG;D;07/11/08;000000;6.7900000
NYMEX.NG;D;08/11/08;000000;6.7850000
NYMEX.NG;D;10/11/08;000000;7.2130000
NYMEX.NG;D;11/11/08;000000;6.7150000
NYMEX.NG;D;12/11/08;000000;6.3810000
NYMEX.NG;D;13/11/08;000000;6.4280000
NYMEX.NG;D;14/11/08;000000;6.3300000
NYMEX.NG;D;15/11/08;000000;6.3150000
NYMEX.NG;D;17/11/08;000000;6.5650000
NYMEX.NG;D;18/11/08;000000;6.4900000
NYMEX.NG;D;19/11/08;000000;6.6940000
NYMEX.NG;D;20/11/08;000000;6.2910000
NYMEX.NG;D;21/11/08;000000;6.5020000
NYMEX.NG;D;22/11/08;000000;6.5100000
NYMEX.NG;D;24/11/08;000000;6.9400000
NYMEX.NG;D;25/11/08;000000;6.3870000
NYMEX.NG;D;26/11/08;000000;6.7920000
NYMEX.NG;D;27/11/08;000000;6.7830000
NYMEX.NG;D;28/11/08;000000;6.5000000
NYMEX.NG;D;29/11/08;000000;6.4600000
NYMEX.NG;D;01/12/08;000000;6.5580000
NYMEX.NG;D;02/12/08;000000;6.4430000
NYMEX.NG;D;03/12/08;000000;6.3720000
NYMEX.NG;D;04/12/08;000000;6.0010000
NYMEX.NG;D;05/12/08;000000;5.7680000
NYMEX.NG;D;06/12/08;000000;5.7350000
NYMEX.NG;D;08/12/08;000000;5.5850000
NYMEX.NG;D;09/12/08;000000;5.6150000
NYMEX.NG;D;10/12/08;000000;5.6850000
NYMEX.NG;D;11/12/08;000000;5.5580000
NYMEX.NG;D;12/12/08;000000;5.5180000
NYMEX.NG;D;13/12/08;000000;5.5410000
NYMEX.NG;D;15/12/08;000000;5.6970000
NYMEX.NG;D;16/12/08;000000;5.8090000
NYMEX.NG;D;17/12/08;000000;5.6050000
NYMEX.NG;D;18/12/08;000000;5.5540000
NYMEX.NG;D;19/12/08;000000;5.3340000
NYMEX.NG;D;20/12/08;000000;5.3430000
NYMEX.NG;D;22/12/08;000000;5.3520000
NYMEX.NG;D;23/12/08;000000;5.7520000
NYMEX.NG;D;24/12/08;000000;5.8590000
NYMEX.NG;D;25/12/08;000000;5.8500000
NYMEX.NG;D;26/12/08;000000;5.8580000
NYMEX.NG;D;27/12/08;000000;5.8900000
NYMEX.NG;D;29/12/08;000000;6.1360000
NYMEX.NG;D;30/12/08;000000;5.8500000
NYMEX.NG;D;31/12/08;000000;5.6010000
NYMEX.NG;D;01/01/09;000000;5.5980000
NYMEX.NG;D;02/01/09;000000;6.0060000
NYMEX.NG;D;03/01/09;000000;6.0010000
NYMEX.NG;D;05/01/09;000000;6.0820000
NYMEX.NG;D;06/01/09;000000;5.9930000
NYMEX.NG;D;07/01/09;000000;5.8800000
NYMEX.NG;D;08/01/09;000000;5.5950000
NYMEX.NG;D;09/01/09;000000;5.5240000
NYMEX.NG;D;10/01/09;000000;5.5440000
NYMEX.NG;D;12/01/09;000000;5.5400000
NYMEX.NG;D;13/01/09;000000;5.2000000
NYMEX.NG;D;14/01/09;000000;4.9660000
NYMEX.NG;D;15/01/09;000000;4.8640000
NYMEX.NG;D;16/01/09;000000;4.7880000
NYMEX.NG;D;17/01/09;000000;4.7720000
NYMEX.NG;D;19/01/09;000000;4.7110000
NYMEX.NG;D;20/01/09;000000;4.6850000
NYMEX.NG;D;21/01/09;000000;4.8140000
NYMEX.NG;D;22/01/09;000000;4.6680000
NYMEX.NG;D;23/01/09;000000;4.5180000
NYMEX.NG;D;24/01/09;000000;4.5090000
NYMEX.NG;D;26/01/09;000000;4.4860000
NYMEX.NG;D;27/01/09;000000;4.5080000
NYMEX.NG;D;28/01/09;000000;4.4400000
NYMEX.NG;D;29/01/09;000000;4.5720000
NYMEX.NG;D;30/01/09;000000;4.4050000
NYMEX.NG;D;31/01/09;000000;4.4080000
NYMEX.NG;D;02/02/09;000000;4.5910000
NYMEX.NG;D;03/02/09;000000;4.5050000
NYMEX.NG;D;04/02/09;000000;4.6280000
NYMEX.NG;D;05/02/09;000000;4.6530000
NYMEX.NG;D;06/02/09;000000;4.7950000
NYMEX.NG;D;07/02/09;000000;4.8290000
NYMEX.NG;D;09/02/09;000000;4.8120000
NYMEX.NG;D;10/02/09;000000;4.5480000
NYMEX.NG;D;11/02/09;000000;4.5680000
NYMEX.NG;D;12/02/09;000000;4.5060000
NYMEX.NG;D;13/02/09;000000;4.4410000
NYMEX.NG;D;14/02/09;000000;4.4500000
NYMEX.NG;D;16/02/09;000000;4.2990000
NYMEX.NG;D;17/02/09;000000;4.1720000
NYMEX.NG;D;18/02/09;000000;4.2210000
NYMEX.NG;D;19/02/09;000000;4.0760000
NYMEX.NG;D;20/02/09;000000;4.0110000
NYMEX.NG;D;21/02/09;000000;4.0060000
NYMEX.NG;D;23/02/09;000000;4.0850000
NYMEX.NG;D;24/02/09;000000;4.2280000
NYMEX.NG;D;25/02/09;000000;4.0560000
NYMEX.NG;D;26/02/09;000000;4.1000000
NYMEX.NG;D;27/02/09;000000;4.2030000
NYMEX.NG;D;28/02/09;000000;4.1900000
NYMEX.NG;D;02/03/09;000000;4.1450000
NYMEX.NG;D;03/03/09;000000;4.2990000
NYMEX.NG;D;04/03/09;000000;4.3240000
NYMEX.NG;D;05/03/09;000000;4.0780000
NYMEX.NG;D;06/03/09;000000;3.9370000
NYMEX.NG;D;07/03/09;000000;3.9200000
NYMEX.NG;D;09/03/09;000000;3.8580000
NYMEX.NG;D;10/03/09;000000;3.8470000
NYMEX.NG;D;11/03/09;000000;3.8030000
NYMEX.NG;D;12/03/09;000000;4.0080000
NYMEX.NG;D;13/03/09;000000;3.9350000
NYMEX.NG;D;14/03/09;000000;3.9050000
NYMEX.NG;D;16/03/09;000000;3.8400000
NYMEX.NG;D;17/03/09;000000;3.8130000
NYMEX.NG;D;18/03/09;000000;3.6870000
NYMEX.NG;D;19/03/09;000000;4.2110000
NYMEX.NG;D;20/03/09;000000;4.2270000
NYMEX.NG;D;21/03/09;000000;4.2390000
NYMEX.NG;D;23/03/09;000000;4.3220000
NYMEX.NG;D;24/03/09;000000;4.3470000
NYMEX.NG;D;25/03/09;000000;4.3250000
NYMEX.NG;D;26/03/09;000000;3.9230000
NYMEX.NG;D;27/03/09;000000;3.7670000
NYMEX.NG;D;28/03/09;000000;3.7620000
NYMEX.NG;D;29/03/09;000000;3.7950000
NYMEX.NG;D;30/03/09;000000;3.7610000
NYMEX.NG;D;31/03/09;000000;3.7780000
NYMEX.NG;D;01/04/09;000000;3.6770000
NYMEX.NG;D;02/04/09;000000;3.7620000
NYMEX.NG;D;03/04/09;000000;3.8020000
NYMEX.NG;D;04/04/09;000000;3.8040000
NYMEX.NG;D;05/04/09;000000;3.7040000
NYMEX.NG;D;06/04/09;000000;3.7370000
NYMEX.NG;D;07/04/09;000000;3.5710000
NYMEX.NG;D;08/04/09;000000;3.6450000
NYMEX.NG;D;09/04/09;000000;3.6040000
NYMEX.NG;D;10/04/09;000000;3.6110000
NYMEX.NG;D;12/04/09;000000;3.6360000
NYMEX.NG;D;13/04/09;000000;3.6320000
NYMEX.NG;D;14/04/09;000000;3.7020000
NYMEX.NG;D;15/04/09;000000;3.6870000
NYMEX.NG;D;16/04/09;000000;3.5860000
NYMEX.NG;D;17/04/09;000000;3.7420000
NYMEX.NG;D;18/04/09;000000;3.7570000
NYMEX.NG;D;19/04/09;000000;3.5380000
NYMEX.NG;D;20/04/09;000000;3.5390000
NYMEX.NG;D;21/04/09;000000;3.5110000
NYMEX.NG;D;22/04/09;000000;3.5240000
NYMEX.NG;D;23/04/09;000000;3.4060000
NYMEX.NG;D;24/04/09;000000;3.2690000
NYMEX.NG;D;25/04/09;000000;3.2600000
NYMEX.NG;D;26/04/09;000000;3.2560000
NYMEX.NG;D;27/04/09;000000;3.2600000
NYMEX.NG;D;28/04/09;000000;3.3200000
NYMEX.NG;D;29/04/09;000000;3.3590000
NYMEX.NG;D;30/04/09;000000;3.3790000
NYMEX.NG;D;01/05/09;000000;3.5390000
NYMEX.NG;D;02/05/09;000000;3.5150000
NYMEX.NG;D;03/05/09;000000;3.6900000
NYMEX.NG;D;04/05/09;000000;3.7290000
NYMEX.NG;D;05/05/09;000000;3.6110000
NYMEX.NG;D;06/05/09;000000;3.8970000
NYMEX.NG;D;07/05/09;000000;4.1610000
NYMEX.NG;D;08/05/09;000000;4.3500000
NYMEX.NG;D;09/05/09;000000;4.3460000
NYMEX.NG;D;10/05/09;000000;4.3230000
NYMEX.NG;D;11/05/09;000000;4.2870000
NYMEX.NG;D;12/05/09;000000;4.4830000
NYMEX.NG;D;13/05/09;000000;4.2340000
NYMEX.NG;D;14/05/09;000000;4.2900000
NYMEX.NG;D;15/05/09;000000;4.1100000
NYMEX.NG;D;16/05/09;000000;4.1050000
NYMEX.NG;D;17/05/09;000000;4.1710000
NYMEX.NG;D;18/05/09;000000;4.1600000
NYMEX.NG;D;19/05/09;000000;3.9150000
NYMEX.NG;D;20/05/09;000000;3.9930000
NYMEX.NG;D;21/05/09;000000;3.6270000
NYMEX.NG;D;22/05/09;000000;3.5000000
NYMEX.NG;D;23/05/09;000000;3.5080000
NYMEX.NG;D;25/05/09;000000;3.4580000
NYMEX.NG;D;26/05/09;000000;3.5440000
NYMEX.NG;D;27/05/09;000000;3.5450000
NYMEX.NG;D;28/05/09;000000;3.9490000
NYMEX.NG;D;29/05/09;000000;3.8710000
NYMEX.NG;D;30/05/09;000000;3.8900000
NYMEX.NG;D;31/05/09;000000;4.1970000
NYMEX.NG;D;01/06/09;000000;4.2510000
NYMEX.NG;D;02/06/09;000000;4.1400000
NYMEX.NG;D;03/06/09;000000;3.7880000
NYMEX.NG;D;04/06/09;000000;3.8590000
NYMEX.NG;D;05/06/09;000000;3.8640000
NYMEX.NG;D;06/06/09;000000;3.8860000
NYMEX.NG;D;07/06/09;000000;3.7290000
NYMEX.NG;D;08/06/09;000000;3.7410000
NYMEX.NG;D;09/06/09;000000;3.7580000
NYMEX.NG;D;10/06/09;000000;3.7220000
NYMEX.NG;D;11/06/09;000000;3.9280000
NYMEX.NG;D;12/06/09;000000;3.8880000
NYMEX.NG;D;13/06/09;000000;3.8890000
NYMEX.NG;D;14/06/09;000000;4.1820000
NYMEX.NG;D;15/06/09;000000;4.1860000
NYMEX.NG;D;16/06/09;000000;4.1150000
NYMEX.NG;D;17/06/09;000000;4.2400000
NYMEX.NG;D;18/06/09;000000;4.0700000
NYMEX.NG;D;19/06/09;000000;4.0450000
NYMEX.NG;D;20/06/09;000000;4.0640000
NYMEX.NG;D;21/06/09;000000;3.9340000
NYMEX.NG;D;22/06/09;000000;3.9310000
NYMEX.NG;D;23/06/09;000000;3.8920000
NYMEX.NG;D;24/06/09;000000;3.7710000
NYMEX.NG;D;25/06/09;000000;3.8780000
NYMEX.NG;D;26/06/09;000000;3.9900000
NYMEX.NG;D;27/06/09;000000;4.1190000
NYMEX.NG;D;28/06/09;000000;3.9350000
NYMEX.NG;D;29/06/09;000000;3.9500000
NYMEX.NG;D;30/06/09;000000;3.8490000
NYMEX.NG;D;01/07/09;000000;3.7850000
NYMEX.NG;D;02/07/09;000000;3.6420000
NYMEX.NG;D;03/07/09;000000;3.6000000
NYMEX.NG;D;05/07/09;000000;3.4990000
NYMEX.NG;D;06/07/09;000000;3.4950000
NYMEX.NG;D;07/07/09;000000;3.3880000
NYMEX.NG;D;08/07/09;000000;3.3610000
NYMEX.NG;D;09/07/09;000000;3.4070000
NYMEX.NG;D;10/07/09;000000;3.3610000
NYMEX.NG;D;11/07/09;000000;3.3650000
NYMEX.NG;D;12/07/09;000000;3.3490000
NYMEX.NG;D;13/07/09;000000;3.2580000
NYMEX.NG;D;14/07/09;000000;3.4500000
NYMEX.NG;D;15/07/09;000000;3.3120000
NYMEX.NG;D;16/07/09;000000;3.6000000
NYMEX.NG;D;17/07/09;000000;3.6420000
NYMEX.NG;D;18/07/09;000000;3.6900000
NYMEX.NG;D;19/07/09;000000;3.6670000
NYMEX.NG;D;20/07/09;000000;3.6730000
NYMEX.NG;D;21/07/09;000000;3.7090000
NYMEX.NG;D;22/07/09;000000;3.8290000
NYMEX.NG;D;23/07/09;000000;3.5410000
NYMEX.NG;D;24/07/09;000000;3.6640000
NYMEX.NG;D;25/07/09;000000;3.6800000
NYMEX.NG;D;26/07/09;000000;3.6280000
NYMEX.NG;D;27/07/09;000000;3.6160000
NYMEX.NG;D;28/07/09;000000;3.5220000
NYMEX.NG;D;29/07/09;000000;3.3790000
NYMEX.NG;D;30/07/09;000000;3.7280000
NYMEX.NG;D;31/07/09;000000;3.6660000
NYMEX.NG;D;01/08/09;000000;3.6670000
NYMEX.NG;D;02/08/09;000000;3.9900000
NYMEX.NG;D;03/08/09;000000;4.0100000
NYMEX.NG;D;04/08/09;000000;3.9730000
NYMEX.NG;D;05/08/09;000000;4.0260000
NYMEX.NG;D;06/08/09;000000;3.7640000
NYMEX.NG;D;07/08/09;000000;3.6990000
NYMEX.NG;D;08/08/09;000000;3.6690000
NYMEX.NG;D;09/08/09;000000;3.6510000
NYMEX.NG;D;10/08/09;000000;3.6550000
NYMEX.NG;D;11/08/09;000000;3.5620000
NYMEX.NG;D;12/08/09;000000;3.4900000
NYMEX.NG;D;13/08/09;000000;3.3670000
NYMEX.NG;D;14/08/09;000000;3.2700000
NYMEX.NG;D;15/08/09;000000;3.2770000
NYMEX.NG;D;16/08/09;000000;3.1970000
NYMEX.NG;D;17/08/09;000000;3.1930000
NYMEX.NG;D;18/08/09;000000;3.0950000
NYMEX.NG;D;19/08/09;000000;3.1250000
NYMEX.NG;D;20/08/09;000000;2.9420000
NYMEX.NG;D;21/08/09;000000;2.8070000
NYMEX.NG;D;22/08/09;000000;2.7810000
NYMEX.NG;D;23/08/09;000000;2.9490000
NYMEX.NG;D;24/08/09;000000;2.9340000
NYMEX.NG;D;25/08/09;000000;2.8700000
NYMEX.NG;D;26/08/09;000000;2.8970000
NYMEX.NG;D;27/08/09;000000;2.8430000
NYMEX.NG;D;28/08/09;000000;3.0290000
NYMEX.NG;D;29/08/09;000000;3.0180000
NYMEX.NG;D;30/08/09;000000;2.9740000
NYMEX.NG;D;31/08/09;000000;2.9760000
NYMEX.NG;D;01/09/09;000000;2.8240000
NYMEX.NG;D;02/09/09;000000;2.7220000
NYMEX.NG;D;03/09/09;000000;2.5100000
NYMEX.NG;D;04/09/09;000000;2.7550000
NYMEX.NG;D;05/09/09;000000;2.7550000
NYMEX.NG;D;06/09/09;000000;2.6590000
NYMEX.NG;D;07/09/09;000000;2.6590000
NYMEX.NG;D;08/09/09;000000;2.8370000
NYMEX.NG;D;09/09/09;000000;2.8330000
NYMEX.NG;D;10/09/09;000000;3.2700000
NYMEX.NG;D;11/09/09;000000;2.9960000
NYMEX.NG;D;12/09/09;000000;2.9800000
NYMEX.NG;D;13/09/09;000000;3.4170000
NYMEX.NG;D;14/09/09;000000;3.3600000
NYMEX.NG;D;15/09/09;000000;3.3880000
NYMEX.NG;D;16/09/09;000000;3.7580000
NYMEX.NG;D;17/09/09;000000;3.4710000
NYMEX.NG;D;18/09/09;000000;3.7610000
NYMEX.NG;D;19/09/09;000000;3.7390000
NYMEX.NG;D;20/09/09;000000;3.6100000
NYMEX.NG;D;21/09/09;000000;3.6030000
NYMEX.NG;D;22/09/09;000000;3.6200000
NYMEX.NG;D;23/09/09;000000;3.8280000
NYMEX.NG;D;24/09/09;000000;3.9510000
NYMEX.NG;D;25/09/09;000000;3.9750000
NYMEX.NG;D;26/09/09;000000;3.9600000
NYMEX.NG;D;27/09/09;000000;4.8250000
NYMEX.NG;D;28/09/09;000000;3.7290000
NYMEX.NG;D;29/09/09;000000;4.8510000
NYMEX.NG;D;30/09/09;000000;4.8190000
NYMEX.NG;D;01/10/09;000000;4.4920000
NYMEX.NG;D;02/10/09;000000;4.6960000
NYMEX.NG;D;03/10/09;000000;4.7100000
NYMEX.NG;D;04/10/09;000000;4.9910000
NYMEX.NG;D;05/10/09;000000;4.9970000
NYMEX.NG;D;06/10/09;000000;4.8750000
NYMEX.NG;D;07/10/09;000000;4.9190000
NYMEX.NG;D;08/10/09;000000;4.9690000
NYMEX.NG;D;09/10/09;000000;4.7770000
NYMEX.NG;D;10/10/09;000000;4.7740000
NYMEX.NG;D;11/10/09;000000;4.8800000
NYMEX.NG;D;12/10/09;000000;4.8780000
NYMEX.NG;D;13/10/09;000000;4.6140000
NYMEX.NG;D;14/10/09;000000;4.4460000
NYMEX.NG;D;15/10/09;000000;4.5110000
NYMEX.NG;D;16/10/09;000000;4.7670000
NYMEX.NG;D;17/10/09;000000;4.7900000
NYMEX.NG;D;18/10/09;000000;4.8600000
NYMEX.NG;D;19/10/09;000000;4.8330000
NYMEX.NG;D;20/10/09;000000;5.1710000
NYMEX.NG;D;21/10/09;000000;5.0990000
NYMEX.NG;D;22/10/09;000000;4.9690000
NYMEX.NG;D;23/10/09;000000;4.8090000
NYMEX.NG;D;24/10/09;000000;4.7800000
NYMEX.NG;D;26/10/09;000000;4.5360000
NYMEX.NG;D;27/10/09;000000;4.6240000
NYMEX.NG;D;28/10/09;000000;5.0800000
NYMEX.NG;D;29/10/09;000000;5.0960000
NYMEX.NG;D;30/10/09;000000;5.0180000
NYMEX.NG;D;31/10/09;000000;5.0120000
NYMEX.NG;D;02/11/09;000000;4.8500000
NYMEX.NG;D;03/11/09;000000;4.9260000
NYMEX.NG;D;04/11/09;000000;4.7420000
NYMEX.NG;D;05/11/09;000000;4.8150000
NYMEX.NG;D;06/11/09;000000;4.6140000
NYMEX.NG;D;07/11/09;000000;4.6020000
NYMEX.NG;D;09/11/09;000000;4.6790000
NYMEX.NG;D;10/11/09;000000;4.4750000
NYMEX.NG;D;11/11/09;000000;4.5000000
NYMEX.NG;D;12/11/09;000000;4.3790000
NYMEX.NG;D;13/11/09;000000;4.3960000
NYMEX.NG;D;14/11/09;000000;4.3920000
NYMEX.NG;D;16/11/09;000000;4.6320000
NYMEX.NG;D;17/11/09;000000;4.5390000
NYMEX.NG;D;18/11/09;000000;4.2650000
NYMEX.NG;D;19/11/09;000000;4.3430000
NYMEX.NG;D;20/11/09;000000;4.4310000
NYMEX.NG;D;21/11/09;000000;4.4240000
NYMEX.NG;D;23/11/09;000000;4.4720000
NYMEX.NG;D;24/11/09;000000;4.4860000
NYMEX.NG;D;25/11/09;000000;5.1250000
NYMEX.NG;D;26/11/09;000000;5.1720000
NYMEX.NG;D;27/11/09;000000;5.1920000
NYMEX.NG;D;30/11/09;000000;4.8440000
NYMEX.NG;D;01/12/09;000000;4.7550000
NYMEX.NG;D;02/12/09;000000;4.5360000
NYMEX.NG;D;03/12/09;000000;4.4670000
NYMEX.NG;D;04/12/09;000000;4.5890000
NYMEX.NG;D;05/12/09;000000;4.5860000
NYMEX.NG;D;07/12/09;000000;4.9540000
NYMEX.NG;D;08/12/09;000000;5.0850000
NYMEX.NG;D;09/12/09;000000;4.8740000
NYMEX.NG;D;10/12/09;000000;5.2880000
NYMEX.NG;D;11/12/09;000000;5.1470000
NYMEX.NG;D;12/12/09;000000;5.1630000
NYMEX.NG;D;14/12/09;000000;5.3300000
NYMEX.NG;D;15/12/09;000000;5.5060000
NYMEX.NG;D;16/12/09;000000;5.4630000
NYMEX.NG;D;17/12/09;000000;5.7320000
NYMEX.NG;D;18/12/09;000000;5.7930000
NYMEX.NG;D;19/12/09;000000;5.8080000
NYMEX.NG;D;21/12/09;000000;5.6640000
NYMEX.NG;D;22/12/09;000000;5.7290000
NYMEX.NG;D;23/12/09;000000;5.8250000
NYMEX.NG;D;24/12/09;000000;5.6430000
NYMEX.NG;D;28/12/09;000000;5.9870000
NYMEX.NG;D;29/12/09;000000;5.8140000
NYMEX.NG;D;30/12/09;000000;5.7200000
NYMEX.NG;D;31/12/09;000000;5.5870000
NYMEX.NG;D;01/01/10;000000;5.5720000
NYMEX.NG;D;04/01/10;000000;5.8750000
NYMEX.NG;D;05/01/10;000000;5.6890000
NYMEX.NG;D;06/01/10;000000;5.9740000
NYMEX.NG;D;07/01/10;000000;5.8610000
NYMEX.NG;D;08/01/10;000000;5.7370000
NYMEX.NG;D;09/01/10;000000;5.7490000
NYMEX.NG;D;11/01/10;000000;5.4610000
NYMEX.NG;D;12/01/10;000000;5.5720000
NYMEX.NG;D;13/01/10;000000;5.7320000
NYMEX.NG;D;14/01/10;000000;5.5820000
NYMEX.NG;D;15/01/10;000000;5.6740000
NYMEX.NG;D;16/01/10;000000;5.6910000
NYMEX.NG;D;18/01/10;000000;5.5870000
NYMEX.NG;D;19/01/10;000000;5.5690000
NYMEX.NG;D;20/01/10;000000;5.5020000
NYMEX.NG;D;21/01/10;000000;5.6220000
NYMEX.NG;D;22/01/10;000000;5.7950000
NYMEX.NG;D;23/01/10;000000;5.8190000
NYMEX.NG;D;25/01/10;000000;5.7090000
NYMEX.NG;D;26/01/10;000000;5.4610000
NYMEX.NG;D;27/01/10;000000;5.2640000
NYMEX.NG;D;28/01/10;000000;5.1750000
NYMEX.NG;D;29/01/10;000000;5.1270000
NYMEX.NG;D;30/01/10;000000;5.1310000
NYMEX.NG;D;01/02/10;000000;5.4150000
NYMEX.NG;D;02/02/10;000000;5.4610000
NYMEX.NG;D;03/02/10;000000;5.4110000
NYMEX.NG;D;04/02/10;000000;5.4330000
NYMEX.NG;D;05/02/10;000000;5.5300000
NYMEX.NG;D;06/02/10;000000;5.5150000
NYMEX.NG;D;08/02/10;000000;5.4080000
NYMEX.NG;D;09/02/10;000000;5.3010000
NYMEX.NG;D;10/02/10;000000;5.3130000
NYMEX.NG;D;11/02/10;000000;5.3860000
NYMEX.NG;D;12/02/10;000000;5.4620000
NYMEX.NG;D;13/02/10;000000;5.4680000
NYMEX.NG;D;15/02/10;000000;5.4660000
NYMEX.NG;D;16/02/10;000000;5.3500000
NYMEX.NG;D;17/02/10;000000;5.3760000
NYMEX.NG;D;18/02/10;000000;5.1750000
NYMEX.NG;D;19/02/10;000000;5.0440000
NYMEX.NG;D;20/02/10;000000;5.0440000
NYMEX.NG;D;21/02/10;000000;4.9550000
NYMEX.NG;D;22/02/10;000000;4.9020000
NYMEX.NG;D;23/02/10;000000;4.7780000
NYMEX.NG;D;24/02/10;000000;4.8500000
NYMEX.NG;D;25/02/10;000000;4.8100000
NYMEX.NG;D;26/02/10;000000;4.8130000
NYMEX.NG;D;28/02/10;000000;4.7700000
NYMEX.NG;D;01/03/10;000000;4.6990000
NYMEX.NG;D;02/03/10;000000;4.7310000
NYMEX.NG;D;03/03/10;000000;4.7590000
NYMEX.NG;D;04/03/10;000000;4.5580000
NYMEX.NG;D;05/03/10;000000;4.5930000
NYMEX.NG;D;07/03/10;000000;4.5320000
NYMEX.NG;D;08/03/10;000000;4.5730000
NYMEX.NG;D;09/03/10;000000;4.5000000
NYMEX.NG;D;10/03/10;000000;4.5540000
NYMEX.NG;D;11/03/10;000000;4.4520000
NYMEX.NG;D;12/03/10;000000;4.4000000
NYMEX.NG;D;14/03/10;000000;4.3610000
NYMEX.NG;D;15/03/10;000000;4.3890000
NYMEX.NG;D;16/03/10;000000;4.3640000
NYMEX.NG;D;17/03/10;000000;4.2710000
NYMEX.NG;D;18/03/10;000000;4.0880000
NYMEX.NG;D;19/03/10;000000;4.1690000
NYMEX.NG;D;21/03/10;000000;4.1250000
NYMEX.NG;D;22/03/10;000000;4.1060000
NYMEX.NG;D;23/03/10;000000;4.1150000
NYMEX.NG;D;24/03/10;000000;4.0890000
NYMEX.NG;D;25/03/10;000000;3.9720000
NYMEX.NG;D;26/03/10;000000;3.8720000
NYMEX.NG;D;28/03/10;000000;3.8600000
NYMEX.NG;D;29/03/10;000000;3.9020000
NYMEX.NG;D;30/03/10;000000;3.9960000
NYMEX.NG;D;31/03/10;000000;3.8770000
NYMEX.NG;D;01/04/10;000000;4.0860000
NYMEX.NG;D;04/04/10;000000;4.1020000
NYMEX.NG;D;05/04/10;000000;4.2810000
NYMEX.NG;D;06/04/10;000000;4.1300000
NYMEX.NG;D;07/04/10;000000;3.9920000
NYMEX.NG;D;08/04/10;000000;3.9310000
NYMEX.NG;D;09/04/10;000000;4.0700000
NYMEX.NG;D;11/04/10;000000;4.0980000
NYMEX.NG;D;12/04/10;000000;3.9880000
NYMEX.NG;D;13/04/10;000000;4.1330000
NYMEX.NG;D;14/04/10;000000;4.1950000
NYMEX.NG;D;15/04/10;000000;4.0070000
NYMEX.NG;D;16/04/10;000000;4.0390000
NYMEX.NG;D;18/04/10;000000;4.0460000
NYMEX.NG;D;19/04/10;000000;3.9590000
NYMEX.NG;D;20/04/10;000000;3.9630000
NYMEX.NG;D;21/04/10;000000;3.9790000
NYMEX.NG;D;22/04/10;000000;4.1140000
NYMEX.NG;D;23/04/10;000000;4.2570000
NYMEX.NG;D;25/04/10;000000;4.3080000
NYMEX.NG;D;26/04/10;000000;4.2300000
NYMEX.NG;D;27/04/10;000000;4.2300000
NYMEX.NG;D;28/04/10;000000;4.3530000
NYMEX.NG;D;29/04/10;000000;4.0130000
NYMEX.NG;D;30/04/10;000000;3.9200000
NYMEX.NG;D;02/05/10;000000;4.0000000
NYMEX.NG;D;03/05/10;000000;3.9910000
NYMEX.NG;D;04/05/10;000000;4.0230000
NYMEX.NG;D;05/05/10;000000;3.9750000
NYMEX.NG;D;06/05/10;000000;3.9220000
NYMEX.NG;D;07/05/10;000000;4.0150000
NYMEX.NG;D;09/05/10;000000;4.0300000
NYMEX.NG;D;10/05/10;000000;4.1770000
NYMEX.NG;D;11/05/10;000000;4.1530000
NYMEX.NG;D;12/05/10;000000;4.2800000
NYMEX.NG;D;13/05/10;000000;4.3220000
NYMEX.NG;D;14/05/10;000000;4.3400000
NYMEX.NG;D;16/05/10;000000;4.3010000
NYMEX.NG;D;17/05/10;000000;4.4230000
NYMEX.NG;D;18/05/10;000000;4.3010000
NYMEX.NG;D;19/05/10;000000;4.1550000
NYMEX.NG;D;20/05/10;000000;4.1110000
NYMEX.NG;D;21/05/10;000000;4.0390000
NYMEX.NG;D;23/05/10;000000;4.0350000
NYMEX.NG;D;24/05/10;000000;4.0280000
NYMEX.NG;D;25/05/10;000000;4.0750000
NYMEX.NG;D;26/05/10;000000;4.1800000
NYMEX.NG;D;27/05/10;000000;4.3310000
NYMEX.NG;D;28/05/10;000000;4.3410000
NYMEX.NG;D;30/05/10;000000;4.3640000
NYMEX.NG;D;31/05/10;000000;4.3900000
NYMEX.NG;D;01/06/10;000000;4.2540000
NYMEX.NG;D;02/06/10;000000;4.4310000
NYMEX.NG;D;03/06/10;000000;4.6870000
NYMEX.NG;D;04/06/10;000000;4.7970000
NYMEX.NG;D;06/06/10;000000;4.8000000
NYMEX.NG;D;07/06/10;000000;4.9700000
NYMEX.NG;D;08/06/10;000000;4.7900000
NYMEX.NG;D;09/06/10;000000;4.7100000
NYMEX.NG;D;10/06/10;000000;4.6840000
NYMEX.NG;D;11/06/10;000000;4.7810000
NYMEX.NG;D;13/06/10;000000;4.8870000
NYMEX.NG;D;14/06/10;000000;5.0310000
NYMEX.NG;D;15/06/10;000000;5.1340000
NYMEX.NG;D;16/06/10;000000;5.0200000
NYMEX.NG;D;17/06/10;000000;5.1490000
NYMEX.NG;D;18/06/10;000000;4.9970000
NYMEX.NG;D;20/06/10;000000;5.0800000
NYMEX.NG;D;21/06/10;000000;4.8740000
NYMEX.NG;D;22/06/10;000000;4.7480000
NYMEX.NG;D;23/06/10;000000;4.8000000
NYMEX.NG;D;24/06/10;000000;4.7600000
NYMEX.NG;D;25/06/10;000000;4.8610000
NYMEX.NG;D;27/06/10;000000;4.8180000
NYMEX.NG;D;28/06/10;000000;4.7350000
NYMEX.NG;D;29/06/10;000000;4.5490000
NYMEX.NG;D;30/06/10;000000;4.6110000
NYMEX.NG;D;01/07/10;000000;4.8450000
NYMEX.NG;D;02/07/10;000000;4.6870000
NYMEX.NG;D;05/07/10;000000;4.7860000
NYMEX.NG;D;06/07/10;000000;4.6900000
NYMEX.NG;D;07/07/10;000000;4.6110000
NYMEX.NG;D;08/07/10;000000;4.4080000
NYMEX.NG;D;09/07/10;000000;4.4020000
NYMEX.NG;D;11/07/10;000000;4.4220000
NYMEX.NG;D;12/07/10;000000;4.3840000
NYMEX.NG;D;13/07/10;000000;4.3610000
NYMEX.NG;D;14/07/10;000000;4.3140000
NYMEX.NG;D;15/07/10;000000;4.5870000
NYMEX.NG;D;16/07/10;000000;4.5190000
NYMEX.NG;D;18/07/10;000000;4.5420000
NYMEX.NG;D;19/07/10;000000;4.5130000
NYMEX.NG;D;20/07/10;000000;4.5980000
NYMEX.NG;D;21/07/10;000000;4.5300000
NYMEX.NG;D;22/07/10;000000;4.6220000
NYMEX.NG;D;23/07/10;000000;4.5800000
NYMEX.NG;D;25/07/10;000000;4.5620000
NYMEX.NG;D;26/07/10;000000;4.6370000
NYMEX.NG;D;27/07/10;000000;4.6800000
NYMEX.NG;D;28/07/10;000000;4.7240000
NYMEX.NG;D;29/07/10;000000;4.8440000
NYMEX.NG;D;30/07/10;000000;4.9230000
NYMEX.NG;D;01/08/10;000000;4.9700000
NYMEX.NG;D;02/08/10;000000;4.7050000
NYMEX.NG;D;03/08/10;000000;4.6650000
NYMEX.NG;D;04/08/10;000000;4.7470000
NYMEX.NG;D;05/08/10;000000;4.6250000
NYMEX.NG;D;06/08/10;000000;4.4670000
NYMEX.NG;D;08/08/10;000000;4.4800000
NYMEX.NG;D;09/08/10;000000;4.3170000
NYMEX.NG;D;10/08/10;000000;4.3340000
NYMEX.NG;D;11/08/10;000000;4.3120000
NYMEX.NG;D;12/08/10;000000;4.2990000
NYMEX.NG;D;13/08/10;000000;4.3140000
NYMEX.NG;D;15/08/10;000000;4.3200000
NYMEX.NG;D;16/08/10;000000;4.2220000
NYMEX.NG;D;17/08/10;000000;4.2930000
NYMEX.NG;D;18/08/10;000000;4.2370000
NYMEX.NG;D;19/08/10;000000;4.1720000
NYMEX.NG;D;20/08/10;000000;4.1170000
NYMEX.NG;D;22/08/10;000000;4.0810000
NYMEX.NG;D;23/08/10;000000;4.0720000
NYMEX.NG;D;24/08/10;000000;4.0390000
NYMEX.NG;D;25/08/10;000000;3.9130000
NYMEX.NG;D;26/08/10;000000;3.8360000
NYMEX.NG;D;27/08/10;000000;3.7050000
NYMEX.NG;D;29/08/10;000000;3.7450000
NYMEX.NG;D;30/08/10;000000;3.8400000
NYMEX.NG;D;31/08/10;000000;3.7990000
NYMEX.NG;D;01/09/10;000000;3.7570000
NYMEX.NG;D;02/09/10;000000;3.7650000
NYMEX.NG;D;03/09/10;000000;3.9390000
NYMEX.NG;D;05/09/10;000000;3.8910000
NYMEX.NG;D;06/09/10;000000;3.8780000
NYMEX.NG;D;07/09/10;000000;3.8820000
NYMEX.NG;D;08/09/10;000000;3.8210000
NYMEX.NG;D;09/09/10;000000;3.7840000
NYMEX.NG;D;10/09/10;000000;3.8830000
NYMEX.NG;D;12/09/10;000000;3.8310000
NYMEX.NG;D;13/09/10;000000;3.9450000
NYMEX.NG;D;14/09/10;000000;3.9350000
NYMEX.NG;D;15/09/10;000000;4.0000000
NYMEX.NG;D;16/09/10;000000;4.0590000
NYMEX.NG;D;17/09/10;000000;4.0240000
NYMEX.NG;D;19/09/10;000000;3.9600000
NYMEX.NG;D;20/09/10;000000;3.8160000
NYMEX.NG;D;21/09/10;000000;3.9370000
NYMEX.NG;D;22/09/10;000000;3.9760000
NYMEX.NG;D;23/09/10;000000;4.0160000
NYMEX.NG;D;24/09/10;000000;3.8810000
NYMEX.NG;D;26/09/10;000000;3.7700000
NYMEX.NG;D;27/09/10;000000;3.7890000
NYMEX.NG;D;28/09/10;000000;3.9470000
NYMEX.NG;D;29/09/10;000000;3.9600000
NYMEX.NG;D;30/09/10;000000;3.8560000
NYMEX.NG;D;01/10/10;000000;3.7880000
NYMEX.NG;D;03/10/10;000000;3.7660000
NYMEX.NG;D;04/10/10;000000;3.7290000
NYMEX.NG;D;05/10/10;000000;3.7710000
NYMEX.NG;D;06/10/10;000000;3.8720000
NYMEX.NG;D;07/10/10;000000;3.6350000
NYMEX.NG;D;08/10/10;000000;3.6450000
NYMEX.NG;D;10/10/10;000000;3.6270000
NYMEX.NG;D;11/10/10;000000;3.5880000
NYMEX.NG;D;12/10/10;000000;3.6400000
NYMEX.NG;D;13/10/10;000000;3.6720000
NYMEX.NG;D;14/10/10;000000;3.6650000
NYMEX.NG;D;15/10/10;000000;3.5250000
NYMEX.NG;D;17/10/10;000000;3.4810000
NYMEX.NG;D;18/10/10;000000;3.4330000
NYMEX.NG;D;19/10/10;000000;3.5230000
NYMEX.NG;D;20/10/10;000000;3.5210000
NYMEX.NG;D;21/10/10;000000;3.3820000
NYMEX.NG;D;22/10/10;000000;3.3330000
NYMEX.NG;D;24/10/10;000000;3.2710000
NYMEX.NG;D;25/10/10;000000;3.3320000
NYMEX.NG;D;26/10/10;000000;3.3100000
NYMEX.NG;D;27/10/10;000000;3.7820000
NYMEX.NG;D;28/10/10;000000;3.8620000
NYMEX.NG;D;29/10/10;000000;4.0440000
NYMEX.NG;D;31/10/10;000000;4.1210000
NYMEX.NG;D;01/11/10;000000;3.8070000
NYMEX.NG;D;02/11/10;000000;3.8720000
NYMEX.NG;D;03/11/10;000000;3.8490000
NYMEX.NG;D;04/11/10;000000;3.8730000
NYMEX.NG;D;05/11/10;000000;3.9450000
NYMEX.NG;D;07/11/10;000000;3.9690000
NYMEX.NG;D;08/11/10;000000;4.1270000
NYMEX.NG;D;09/11/10;000000;4.1990000
NYMEX.NG;D;10/11/10;000000;4.1140000
NYMEX.NG;D;11/11/10;000000;3.9050000
NYMEX.NG;D;12/11/10;000000;3.8080000
NYMEX.NG;D;14/11/10;000000;3.7960000
NYMEX.NG;D;15/11/10;000000;3.8510000
NYMEX.NG;D;16/11/10;000000;3.8180000
NYMEX.NG;D;17/11/10;000000;4.0120000
NYMEX.NG;D;18/11/10;000000;4.0080000
NYMEX.NG;D;19/11/10;000000;4.1680000
NYMEX.NG;D;21/11/10;000000;4.1820000
NYMEX.NG;D;22/11/10;000000;4.2690000
NYMEX.NG;D;23/11/10;000000;4.2520000
NYMEX.NG;D;24/11/10;000000;4.2400000
NYMEX.NG;D;26/11/10;000000;4.3910000
NYMEX.NG;D;28/11/10;000000;4.4370000
NYMEX.NG;D;29/11/10;000000;4.2120000
NYMEX.NG;D;30/11/10;000000;4.2170000
NYMEX.NG;D;01/12/10;000000;4.2940000
NYMEX.NG;D;02/12/10;000000;4.3380000
NYMEX.NG;D;03/12/10;000000;4.3180000
NYMEX.NG;D;05/12/10;000000;4.3920000
NYMEX.NG;D;06/12/10;000000;4.4900000
NYMEX.NG;D;07/12/10;000000;4.3980000
NYMEX.NG;D;08/12/10;000000;4.6000000
NYMEX.NG;D;09/12/10;000000;4.4130000
NYMEX.NG;D;10/12/10;000000;4.4240000
NYMEX.NG;D;13/12/10;000000;4.3800000
NYMEX.NG;D;14/12/10;000000;4.2480000
NYMEX.NG;D;15/12/10;000000;4.2360000
NYMEX.NG;D;16/12/10;000000;4.0220000
NYMEX.NG;D;17/12/10;000000;4.0560000
NYMEX.NG;D;19/12/10;000000;4.0220000
NYMEX.NG;D;20/12/10;000000;4.2290000
NYMEX.NG;D;21/12/10;000000;4.0580000
NYMEX.NG;D;22/12/10;000000;4.0970000
NYMEX.NG;D;23/12/10;000000;4.0680000
NYMEX.NG;D;26/12/10;000000;4.0190000
NYMEX.NG;D;27/12/10;000000;4.0940000
NYMEX.NG;D;28/12/10;000000;4.2590000
NYMEX.NG;D;29/12/10;000000;4.3240000
NYMEX.NG;D;30/12/10;000000;4.3220000
NYMEX.NG;D;31/12/10;000000;4.3920000
NYMEX.NG;D;02/01/11;000000;4.5420000
NYMEX.NG;D;03/01/11;000000;4.6390000
NYMEX.NG;D;04/01/11;000000;4.6010000
NYMEX.NG;D;05/01/11;000000;4.5520000
NYMEX.NG;D;06/01/11;000000;4.3940000
NYMEX.NG;D;07/01/11;000000;4.4190000
NYMEX.NG;D;09/01/11;000000;4.4140000
NYMEX.NG;D;10/01/11;000000;4.3650000
NYMEX.NG;D;11/01/11;000000;4.4800000
NYMEX.NG;D;12/01/11;000000;4.4840000
NYMEX.NG;D;13/01/11;000000;4.4150000
NYMEX.NG;D;14/01/11;000000;4.4850000
NYMEX.NG;D;16/01/11;000000;4.4960000
NYMEX.NG;D;17/01/11;000000;4.5240000
NYMEX.NG;D;18/01/11;000000;4.4450000
NYMEX.NG;D;19/01/11;000000;4.5540000
NYMEX.NG;D;20/01/11;000000;4.7190000
NYMEX.NG;D;21/01/11;000000;4.7220000
NYMEX.NG;D;23/01/11;000000;4.8030000
NYMEX.NG;D;24/01/11;000000;4.5950000
NYMEX.NG;D;25/01/11;000000;4.4600000
NYMEX.NG;D;26/01/11;000000;4.4700000
NYMEX.NG;D;27/01/11;000000;4.3210000
NYMEX.NG;D;28/01/11;000000;4.3350000
NYMEX.NG;D;30/01/11;000000;4.3460000
NYMEX.NG;D;31/01/11;000000;4.3850000
NYMEX.NG;D;01/02/11;000000;4.3660000
NYMEX.NG;D;02/02/11;000000;4.4160000
NYMEX.NG;D;03/02/11;000000;4.3490000
NYMEX.NG;D;04/02/11;000000;4.3090000
NYMEX.NG;D;06/02/11;000000;4.2460000
NYMEX.NG;D;07/02/11;000000;4.1250000
NYMEX.NG;D;08/02/11;000000;4.0690000
NYMEX.NG;D;09/02/11;000000;4.0650000
NYMEX.NG;D;10/02/11;000000;3.9640000
NYMEX.NG;D;11/02/11;000000;3.8950000
NYMEX.NG;D;13/02/11;000000;3.8780000
NYMEX.NG;D;14/02/11;000000;3.9290000
NYMEX.NG;D;15/02/11;000000;3.9890000
NYMEX.NG;D;16/02/11;000000;3.9360000
NYMEX.NG;D;17/02/11;000000;3.8680000
NYMEX.NG;D;18/02/11;000000;3.8680000
NYMEX.NG;D;20/02/11;000000;3.8710000
NYMEX.NG;D;21/02/11;000000;3.9650000
NYMEX.NG;D;22/02/11;000000;3.8580000
NYMEX.NG;D;23/02/11;000000;3.8990000
NYMEX.NG;D;24/02/11;000000;3.8810000
NYMEX.NG;D;25/02/11;000000;4.0220000
NYMEX.NG;D;27/02/11;000000;4.0050000
NYMEX.NG;D;28/02/11;000000;4.0310000
NYMEX.NG;D;01/03/11;000000;3.8580000
NYMEX.NG;D;02/03/11;000000;3.8150000
NYMEX.NG;D;03/03/11;000000;3.7660000
NYMEX.NG;D;04/03/11;000000;3.8050000
NYMEX.NG;D;06/03/11;000000;3.7610000
NYMEX.NG;D;07/03/11;000000;3.9240000
NYMEX.NG;D;08/03/11;000000;3.8630000
NYMEX.NG;D;09/03/11;000000;3.9160000
NYMEX.NG;D;10/03/11;000000;3.8200000
NYMEX.NG;D;11/03/11;000000;3.8960000
NYMEX.NG;D;14/03/11;000000;3.8970000
NYMEX.NG;D;15/03/11;000000;3.9700000
NYMEX.NG;D;16/03/11;000000;3.9570000
NYMEX.NG;D;17/03/11;000000;4.1390000
NYMEX.NG;D;18/03/11;000000;4.1630000
NYMEX.NG;D;20/03/11;000000;4.1980000
NYMEX.NG;D;21/03/11;000000;4.1630000
NYMEX.NG;D;22/03/11;000000;4.2550000
NYMEX.NG;D;23/03/11;000000;4.3440000
NYMEX.NG;D;24/03/11;000000;4.2400000
NYMEX.NG;D;25/03/11;000000;4.4260000
NYMEX.NG;D;27/03/11;000000;4.4490000
NYMEX.NG;D;28/03/11;000000;4.3490000
NYMEX.NG;D;29/03/11;000000;4.2780000
NYMEX.NG;D;30/03/11;000000;4.3670000
NYMEX.NG;D;31/03/11;000000;4.3810000
NYMEX.NG;D;01/04/11;000000;4.3400000
NYMEX.NG;D;03/04/11;000000;4.2750000
NYMEX.NG;D;04/04/11;000000;4.2860000
NYMEX.NG;D;05/04/11;000000;4.2430000
NYMEX.NG;D;06/04/11;000000;4.1360000
NYMEX.NG;D;07/04/11;000000;4.0620000
NYMEX.NG;D;08/04/11;000000;4.0340000
NYMEX.NG;D;10/04/11;000000;4.0230000
NYMEX.NG;D;11/04/11;000000;4.1110000
NYMEX.NG;D;12/04/11;000000;4.1130000
NYMEX.NG;D;13/04/11;000000;4.1210000
NYMEX.NG;D;14/04/11;000000;4.2080000
NYMEX.NG;D;15/04/11;000000;4.2150000
NYMEX.NG;D;17/04/11;000000;4.1940000
NYMEX.NG;D;18/04/11;000000;4.1410000
NYMEX.NG;D;19/04/11;000000;4.2950000
NYMEX.NG;D;20/04/11;000000;4.3180000
NYMEX.NG;D;21/04/11;000000;4.4240000
NYMEX.NG;D;24/04/11;000000;4.4180000
NYMEX.NG;D;25/04/11;000000;4.3480000
NYMEX.NG;D;26/04/11;000000;4.3880000
NYMEX.NG;D;27/04/11;000000;4.4180000
NYMEX.NG;D;28/04/11;000000;4.5690000
NYMEX.NG;D;29/04/11;000000;4.6830000
NYMEX.NG;D;01/05/11;000000;4.6860000
NYMEX.NG;D;02/05/11;000000;4.6940000
NYMEX.NG;D;03/05/11;000000;4.6600000
NYMEX.NG;D;04/05/11;000000;4.5520000
NYMEX.NG;D;05/05/11;000000;4.2340000
NYMEX.NG;D;06/05/11;000000;4.2710000
NYMEX.NG;D;08/05/11;000000;4.2790000
NYMEX.NG;D;09/05/11;000000;4.1810000
NYMEX.NG;D;10/05/11;000000;4.2600000
NYMEX.NG;D;11/05/11;000000;4.1820000
NYMEX.NG;D;12/05/11;000000;4.1830000
NYMEX.NG;D;13/05/11;000000;4.2580000
NYMEX.NG;D;15/05/11;000000;4.2380000
NYMEX.NG;D;16/05/11;000000;4.2990000
NYMEX.NG;D;17/05/11;000000;4.1970000
NYMEX.NG;D;18/05/11;000000;4.1900000
NYMEX.NG;D;19/05/11;000000;4.0930000
NYMEX.NG;D;20/05/11;000000;4.2610000
NYMEX.NG;D;22/05/11;000000;4.2220000
NYMEX.NG;D;23/05/11;000000;4.3370000
NYMEX.NG;D;24/05/11;000000;4.3190000
NYMEX.NG;D;25/05/11;000000;4.3860000
NYMEX.NG;D;26/05/11;000000;4.3750000
NYMEX.NG;D;27/05/11;000000;4.5180000
NYMEX.NG;D;29/05/11;000000;4.5320000
NYMEX.NG;D;30/05/11;000000;4.5700000
NYMEX.NG;D;31/05/11;000000;4.6560000
NYMEX.NG;D;01/06/11;000000;4.6260000
NYMEX.NG;D;02/06/11;000000;4.7840000
NYMEX.NG;D;03/06/11;000000;4.6890000
NYMEX.NG;D;05/06/11;000000;4.7670000
NYMEX.NG;D;06/06/11;000000;4.8190000
NYMEX.NG;D;07/06/11;000000;4.7990000
NYMEX.NG;D;08/06/11;000000;4.8360000
NYMEX.NG;D;09/06/11;000000;4.6820000
NYMEX.NG;D;10/06/11;000000;4.7600000
NYMEX.NG;D;12/06/11;000000;4.7590000
NYMEX.NG;D;13/06/11;000000;4.6180000
NYMEX.NG;D;14/06/11;000000;4.5650000
NYMEX.NG;D;15/06/11;000000;4.5880000
NYMEX.NG;D;16/06/11;000000;4.4300000
NYMEX.NG;D;17/06/11;000000;4.3340000
NYMEX.NG;D;19/06/11;000000;4.3110000
NYMEX.NG;D;20/06/11;000000;4.3090000
NYMEX.NG;D;21/06/11;000000;4.4130000
NYMEX.NG;D;22/06/11;000000;4.3190000
NYMEX.NG;D;23/06/11;000000;4.2030000
NYMEX.NG;D;24/06/11;000000;4.2450000
NYMEX.NG;D;26/06/11;000000;4.1960000
NYMEX.NG;D;27/06/11;000000;4.2810000
NYMEX.NG;D;28/06/11;000000;4.3620000
NYMEX.NG;D;29/06/11;000000;4.3070000
NYMEX.NG;D;30/06/11;000000;4.3580000
NYMEX.NG;D;01/07/11;000000;4.3210000
NYMEX.NG;D;03/07/11;000000;4.3110000
NYMEX.NG;D;04/07/11;000000;4.3110000
NYMEX.NG;D;05/07/11;000000;4.3610000
NYMEX.NG;D;06/07/11;000000;4.2440000
NYMEX.NG;D;07/07/11;000000;4.1570000
NYMEX.NG;D;08/07/11;000000;4.2250000
NYMEX.NG;D;10/07/11;000000;4.2250000
NYMEX.NG;D;11/07/11;000000;4.3030000
NYMEX.NG;D;12/07/11;000000;4.3190000
NYMEX.NG;D;13/07/11;000000;4.3770000
NYMEX.NG;D;14/07/11;000000;4.4110000
NYMEX.NG;D;15/07/11;000000;4.5480000
NYMEX.NG;D;17/07/11;000000;4.5540000
NYMEX.NG;D;18/07/11;000000;4.5620000
NYMEX.NG;D;19/07/11;000000;4.5540000
NYMEX.NG;D;20/07/11;000000;4.5160000
NYMEX.NG;D;21/07/11;000000;4.3870000
NYMEX.NG;D;22/07/11;000000;4.3970000
NYMEX.NG;D;24/07/11;000000;4.4100000
NYMEX.NG;D;25/07/11;000000;4.3750000
NYMEX.NG;D;26/07/11;000000;4.3840000
NYMEX.NG;D;27/07/11;000000;4.3220000
NYMEX.NG;D;28/07/11;000000;4.2310000
NYMEX.NG;D;29/07/11;000000;4.1500000
NYMEX.NG;D;31/07/11;000000;4.1680000
NYMEX.NG;D;01/08/11;000000;4.1900000
NYMEX.NG;D;02/08/11;000000;4.1510000
NYMEX.NG;D;03/08/11;000000;4.0970000
NYMEX.NG;D;04/08/11;000000;3.9280000
NYMEX.NG;D;05/08/11;000000;3.9490000
NYMEX.NG;D;07/08/11;000000;3.8800000
NYMEX.NG;D;08/08/11;000000;3.9060000
NYMEX.NG;D;09/08/11;000000;4.0170000
NYMEX.NG;D;10/08/11;000000;3.9990000
NYMEX.NG;D;11/08/11;000000;4.1100000
NYMEX.NG;D;12/08/11;000000;4.0660000
NYMEX.NG;D;14/08/11;000000;4.0220000
NYMEX.NG;D;15/08/11;000000;4.0230000
NYMEX.NG;D;16/08/11;000000;3.9340000
NYMEX.NG;D;17/08/11;000000;3.9260000
NYMEX.NG;D;18/08/11;000000;3.9370000
NYMEX.NG;D;19/08/11;000000;3.9320000
NYMEX.NG;D;21/08/11;000000;3.8900000
NYMEX.NG;D;22/08/11;000000;3.8840000
NYMEX.NG;D;23/08/11;000000;3.9830000
NYMEX.NG;D;24/08/11;000000;3.9120000
NYMEX.NG;D;25/08/11;000000;3.9270000
NYMEX.NG;D;26/08/11;000000;3.9410000
NYMEX.NG;D;28/08/11;000000;3.9050000
NYMEX.NG;D;29/08/11;000000;3.8100000
NYMEX.NG;D;30/08/11;000000;3.9350000
NYMEX.NG;D;31/08/11;000000;4.0680000
NYMEX.NG;D;01/09/11;000000;4.0350000
NYMEX.NG;D;02/09/11;000000;3.8650000
NYMEX.NG;D;04/09/11;000000;3.8870000
NYMEX.NG;D;05/09/11;000000;3.8660000
NYMEX.NG;D;06/09/11;000000;3.9320000
NYMEX.NG;D;07/09/11;000000;3.9340000
NYMEX.NG;D;08/09/11;000000;3.9580000
NYMEX.NG;D;09/09/11;000000;3.9200000
NYMEX.NG;D;11/09/11;000000;3.8800000
NYMEX.NG;D;12/09/11;000000;3.8900000
NYMEX.NG;D;13/09/11;000000;3.9850000
NYMEX.NG;D;14/09/11;000000;4.0420000
NYMEX.NG;D;15/09/11;000000;3.8800000
NYMEX.NG;D;16/09/11;000000;3.8210000
NYMEX.NG;D;18/09/11;000000;3.8000000
NYMEX.NG;D;19/09/11;000000;3.8330000
NYMEX.NG;D;20/09/11;000000;3.7930000
NYMEX.NG;D;21/09/11;000000;3.7110000
NYMEX.NG;D;22/09/11;000000;3.7130000
NYMEX.NG;D;23/09/11;000000;3.6930000
NYMEX.NG;D;25/09/11;000000;3.6870000
NYMEX.NG;D;26/09/11;000000;3.8040000
NYMEX.NG;D;27/09/11;000000;3.8120000
NYMEX.NG;D;28/09/11;000000;3.7960000
NYMEX.NG;D;29/09/11;000000;3.7570000
NYMEX.NG;D;30/09/11;000000;3.6620000
NYMEX.NG;D;02/10/11;000000;3.6510000
NYMEX.NG;D;03/10/11;000000;3.6180000
NYMEX.NG;D;04/10/11;000000;3.6510000
NYMEX.NG;D;05/10/11;000000;3.5630000
NYMEX.NG;D;06/10/11;000000;3.5850000
NYMEX.NG;D;07/10/11;000000;3.4840000
NYMEX.NG;D;09/10/11;000000;3.4750000
NYMEX.NG;D;10/10/11;000000;3.5740000
NYMEX.NG;D;11/10/11;000000;3.6110000
NYMEX.NG;D;12/10/11;000000;3.4950000
NYMEX.NG;D;13/10/11;000000;3.5280000
NYMEX.NG;D;14/10/11;000000;3.6930000
NYMEX.NG;D;16/10/11;000000;3.7390000
NYMEX.NG;D;17/10/11;000000;3.6860000
NYMEX.NG;D;18/10/11;000000;3.5650000
NYMEX.NG;D;19/10/11;000000;3.5820000
NYMEX.NG;D;20/10/11;000000;3.6270000
NYMEX.NG;D;21/10/11;000000;3.6450000
NYMEX.NG;D;23/10/11;000000;3.6250000
NYMEX.NG;D;24/10/11;000000;3.5950000
NYMEX.NG;D;25/10/11;000000;3.6670000
NYMEX.NG;D;26/10/11;000000;3.5880000
NYMEX.NG;D;27/10/11;000000;3.8070000
NYMEX.NG;D;28/10/11;000000;3.9280000
NYMEX.NG;D;30/10/11;000000;3.9170000
NYMEX.NG;D;31/10/11;000000;3.9280000
NYMEX.NG;D;01/11/11;000000;3.7720000
NYMEX.NG;D;02/11/11;000000;3.7710000
NYMEX.NG;D;03/11/11;000000;3.7960000
NYMEX.NG;D;04/11/11;000000;3.8000000
NYMEX.NG;D;06/11/11;000000;3.7490000
NYMEX.NG;D;07/11/11;000000;3.6970000
NYMEX.NG;D;08/11/11;000000;3.7430000
NYMEX.NG;D;09/11/11;000000;3.6510000
NYMEX.NG;D;10/11/11;000000;3.6550000
NYMEX.NG;D;11/11/11;000000;3.5610000
NYMEX.NG;D;13/11/11;000000;3.5390000
NYMEX.NG;D;14/11/11;000000;3.4380000
NYMEX.NG;D;15/11/11;000000;3.4030000
NYMEX.NG;D;16/11/11;000000;3.3600000
NYMEX.NG;D;17/11/11;000000;3.4230000
NYMEX.NG;D;18/11/11;000000;3.3220000
NYMEX.NG;D;20/11/11;000000;3.3190000
NYMEX.NG;D;21/11/11;000000;3.3990000
NYMEX.NG;D;22/11/11;000000;3.4180000
NYMEX.NG;D;23/11/11;000000;3.4620000
NYMEX.NG;D;24/11/11;000000;3.4620000
NYMEX.NG;D;25/11/11;000000;3.5420000
NYMEX.NG;D;27/11/11;000000;3.5340000
NYMEX.NG;D;28/11/11;000000;3.5690000
NYMEX.NG;D;29/11/11;000000;3.6210000
NYMEX.NG;D;30/11/11;000000;3.5650000
NYMEX.NG;D;01/12/11;000000;3.6540000
NYMEX.NG;D;02/12/11;000000;3.5860000
NYMEX.NG;D;04/12/11;000000;3.5700000
NYMEX.NG;D;05/12/11;000000;3.4470000
NYMEX.NG;D;06/12/11;000000;3.4890000
NYMEX.NG;D;07/12/11;000000;3.4220000
NYMEX.NG;D;08/12/11;000000;3.4380000
NYMEX.NG;D;09/12/11;000000;3.3380000
NYMEX.NG;D;11/12/11;000000;3.2480000
NYMEX.NG;D;12/12/11;000000;3.2650000
NYMEX.NG;D;13/12/11;000000;3.2530000
NYMEX.NG;D;14/12/11;000000;3.1460000
NYMEX.NG;D;15/12/11;000000;3.1450000
NYMEX.NG;D;16/12/11;000000;3.1260000
NYMEX.NG;D;18/12/11;000000;3.0820000
NYMEX.NG;D;19/12/11;000000;3.1140000
NYMEX.NG;D;20/12/11;000000;3.1300000
NYMEX.NG;D;21/12/11;000000;3.1600000
NYMEX.NG;D;22/12/11;000000;3.1430000
NYMEX.NG;D;23/12/11;000000;3.1060000
NYMEX.NG;D;26/12/11;000000;3.0840000
NYMEX.NG;D;27/12/11;000000;3.0980000
NYMEX.NG;D;28/12/11;000000;3.1290000
NYMEX.NG;D;29/12/11;000000;3.0130000
NYMEX.NG;D;30/12/11;000000;2.9690000
NYMEX.NG;D;02/01/12;000000;2.9770000
NYMEX.NG;D;03/01/12;000000;2.9950000
NYMEX.NG;D;04/01/12;000000;3.0970000
NYMEX.NG;D;05/01/12;000000;2.9710000
NYMEX.NG;D;06/01/12;000000;3.0760000
NYMEX.NG;D;08/01/12;000000;3.0160000
NYMEX.NG;D;09/01/12;000000;3.0030000
NYMEX.NG;D;10/01/12;000000;2.8890000
NYMEX.NG;D;11/01/12;000000;2.7570000
NYMEX.NG;D;12/01/12;000000;2.6880000
NYMEX.NG;D;13/01/12;000000;2.6380000
NYMEX.NG;D;15/01/12;000000;2.5540000
NYMEX.NG;D;16/01/12;000000;2.5500000
NYMEX.NG;D;17/01/12;000000;2.4760000
NYMEX.NG;D;18/01/12;000000;2.4300000
NYMEX.NG;D;19/01/12;000000;2.3300000
NYMEX.NG;D;20/01/12;000000;2.3300000
NYMEX.NG;D;22/01/12;000000;2.2820000
NYMEX.NG;D;23/01/12;000000;2.5700000
NYMEX.NG;D;24/01/12;000000;2.5990000
NYMEX.NG;D;25/01/12;000000;2.7600000
NYMEX.NG;D;26/01/12;000000;2.5790000
NYMEX.NG;D;27/01/12;000000;2.7700000
NYMEX.NG;D;29/01/12;000000;2.8150000
NYMEX.NG;D;30/01/12;000000;2.6510000
NYMEX.NG;D;31/01/12;000000;2.4560000
NYMEX.NG;D;01/02/12;000000;2.3970000
NYMEX.NG;D;02/02/12;000000;2.5220000
NYMEX.NG;D;03/02/12;000000;2.5100000
NYMEX.NG;D;05/02/12;000000;2.4610000
NYMEX.NG;D;06/02/12;000000;2.5730000
NYMEX.NG;D;07/02/12;000000;2.4750000
NYMEX.NG;D;08/02/12;000000;2.4440000
NYMEX.NG;D;09/02/12;000000;2.4730000
NYMEX.NG;D;10/02/12;000000;2.4760000
NYMEX.NG;D;12/02/12;000000;2.4310000
NYMEX.NG;D;13/02/12;000000;2.4420000
NYMEX.NG;D;14/02/12;000000;2.5480000
NYMEX.NG;D;15/02/12;000000;2.4220000
NYMEX.NG;D;16/02/12;000000;2.5360000
NYMEX.NG;D;17/02/12;000000;2.6820000
NYMEX.NG;D;19/02/12;000000;2.6580000
NYMEX.NG;D;20/02/12;000000;2.6430000
NYMEX.NG;D;21/02/12;000000;2.6190000
NYMEX.NG;D;22/02/12;000000;2.6440000
NYMEX.NG;D;23/02/12;000000;2.5960000
NYMEX.NG;D;24/02/12;000000;2.5400000
NYMEX.NG;D;26/02/12;000000;2.4940000
NYMEX.NG;D;27/02/12;000000;2.5990000
NYMEX.NG;D;28/02/12;000000;2.5260000
NYMEX.NG;D;29/02/12;000000;2.5830000
NYMEX.NG;D;01/03/12;000000;2.4790000
NYMEX.NG;D;02/03/12;000000;2.4660000
NYMEX.NG;D;04/03/12;000000;2.4360000
NYMEX.NG;D;05/03/12;000000;2.3570000
NYMEX.NG;D;06/03/12;000000;2.3350000
NYMEX.NG;D;07/03/12;000000;2.2970000
NYMEX.NG;D;08/03/12;000000;2.2880000
NYMEX.NG;D;09/03/12;000000;2.3130000
NYMEX.NG;D;11/03/12;000000;2.2760000
NYMEX.NG;D;12/03/12;000000;2.2610000
NYMEX.NG;D;13/03/12;000000;2.2810000
NYMEX.NG;D;14/03/12;000000;2.2580000
NYMEX.NG;D;15/03/12;000000;2.2640000
NYMEX.NG;D;16/03/12;000000;2.3240000
NYMEX.NG;D;18/03/12;000000;2.3270000
NYMEX.NG;D;19/03/12;000000;2.3490000
NYMEX.NG;D;20/03/12;000000;2.3330000
NYMEX.NG;D;21/03/12;000000;2.3390000
NYMEX.NG;D;22/03/12;000000;2.2790000
NYMEX.NG;D;23/03/12;000000;2.2730000
NYMEX.NG;D;25/03/12;000000;2.2960000
NYMEX.NG;D;26/03/12;000000;2.2080000
NYMEX.NG;D;27/03/12;000000;2.1850000
NYMEX.NG;D;28/03/12;000000;2.2700000
NYMEX.NG;D;29/03/12;000000;2.1400000
NYMEX.NG;D;30/03/12;000000;2.1200000
NYMEX.NG;D;01/04/12;000000;2.1190000
NYMEX.NG;D;02/04/12;000000;2.1410000
NYMEX.NG;D;03/04/12;000000;2.1820000
NYMEX.NG;D;04/04/12;000000;2.1340000
NYMEX.NG;D;05/04/12;000000;2.0930000
NYMEX.NG;D;08/04/12;000000;2.0890000
NYMEX.NG;D;09/04/12;000000;2.1110000
NYMEX.NG;D;10/04/12;000000;2.0360000
NYMEX.NG;D;11/04/12;000000;1.9850000
NYMEX.NG;D;12/04/12;000000;1.9810000
NYMEX.NG;D;13/04/12;000000;1.9920000
NYMEX.NG;D;15/04/12;000000;1.9870000
NYMEX.NG;D;16/04/12;000000;2.0130000
NYMEX.NG;D;17/04/12;000000;1.9560000
NYMEX.NG;D;18/04/12;000000;1.9530000
NYMEX.NG;D;19/04/12;000000;1.9150000
NYMEX.NG;D;20/04/12;000000;1.9300000
NYMEX.NG;D;22/04/12;000000;1.9400000
NYMEX.NG;D;23/04/12;000000;2.0060000
NYMEX.NG;D;24/04/12;000000;1.9820000
NYMEX.NG;D;25/04/12;000000;2.0830000
NYMEX.NG;D;26/04/12;000000;2.1350000
NYMEX.NG;D;27/04/12;000000;2.1950000
NYMEX.NG;D;29/04/12;000000;2.1830000
NYMEX.NG;D;30/04/12;000000;2.3190000
NYMEX.NG;D;01/05/12;000000;2.3780000
NYMEX.NG;D;02/05/12;000000;2.2750000
NYMEX.NG;D;03/05/12;000000;2.3440000
NYMEX.NG;D;04/05/12;000000;2.2830000
NYMEX.NG;D;06/05/12;000000;2.2990000
NYMEX.NG;D;07/05/12;000000;2.3400000
NYMEX.NG;D;08/05/12;000000;2.4260000
NYMEX.NG;D;09/05/12;000000;2.4700000
NYMEX.NG;D;10/05/12;000000;2.4720000
NYMEX.NG;D;11/05/12;000000;2.4940000
NYMEX.NG;D;13/05/12;000000;2.5090000
NYMEX.NG;D;14/05/12;000000;2.4130000
NYMEX.NG;D;15/05/12;000000;2.5100000
NYMEX.NG;D;16/05/12;000000;2.6490000
NYMEX.NG;D;17/05/12;000000;2.6120000
NYMEX.NG;D;18/05/12;000000;2.7250000
NYMEX.NG;D;20/05/12;000000;2.7200000
NYMEX.NG;D;21/05/12;000000;2.6430000
NYMEX.NG;D;22/05/12;000000;2.6840000
NYMEX.NG;D;23/05/12;000000;2.7230000
NYMEX.NG;D;24/05/12;000000;2.6530000
NYMEX.NG;D;25/05/12;000000;2.5500000
NYMEX.NG;D;27/05/12;000000;2.5000000
NYMEX.NG;D;28/05/12;000000;2.5110000
NYMEX.NG;D;29/05/12;000000;2.5040000
NYMEX.NG;D;30/05/12;000000;2.4210000
NYMEX.NG;D;31/05/12;000000;2.3860000
NYMEX.NG;D;01/06/12;000000;2.3300000
NYMEX.NG;D;03/06/12;000000;2.3340000
NYMEX.NG;D;04/06/12;000000;2.4460000
NYMEX.NG;D;05/06/12;000000;2.4350000
NYMEX.NG;D;06/06/12;000000;2.4310000
NYMEX.NG;D;07/06/12;000000;2.2600000
NYMEX.NG;D;08/06/12;000000;2.3050000
NYMEX.NG;D;10/06/12;000000;2.2680000
NYMEX.NG;D;11/06/12;000000;2.1950000
NYMEX.NG;D;12/06/12;000000;2.2080000
NYMEX.NG;D;13/06/12;000000;2.1920000
NYMEX.NG;D;14/06/12;000000;2.5130000
NYMEX.NG;D;15/06/12;000000;2.4600000
NYMEX.NG;D;17/06/12;000000;2.4950000
NYMEX.NG;D;18/06/12;000000;2.6600000
NYMEX.NG;D;19/06/12;000000;2.5780000
NYMEX.NG;D;20/06/12;000000;2.5400000
NYMEX.NG;D;21/06/12;000000;2.6070000
NYMEX.NG;D;22/06/12;000000;2.6400000
NYMEX.NG;D;24/06/12;000000;2.6730000
NYMEX.NG;D;25/06/12;000000;2.6660000
NYMEX.NG;D;26/06/12;000000;2.7930000
NYMEX.NG;D;27/06/12;000000;2.8120000
NYMEX.NG;D;28/06/12;000000;2.7650000
NYMEX.NG;D;29/06/12;000000;2.8190000
NYMEX.NG;D;01/07/12;000000;2.8110000
NYMEX.NG;D;02/07/12;000000;2.8330000
NYMEX.NG;D;03/07/12;000000;2.9090000
NYMEX.NG;D;04/07/12;000000;2.9230000
NYMEX.NG;D;05/07/12;000000;2.9690000
NYMEX.NG;D;06/07/12;000000;2.7900000
NYMEX.NG;D;08/07/12;000000;2.7950000
NYMEX.NG;D;09/07/12;000000;2.8740000
NYMEX.NG;D;10/07/12;000000;2.7670000
NYMEX.NG;D;11/07/12;000000;2.8380000
NYMEX.NG;D;12/07/12;000000;2.8690000
NYMEX.NG;D;13/07/12;000000;2.8800000
NYMEX.NG;D;15/07/12;000000;2.8810000
NYMEX.NG;D;16/07/12;000000;2.8010000
NYMEX.NG;D;17/07/12;000000;2.7870000
NYMEX.NG;D;18/07/12;000000;2.9600000
NYMEX.NG;D;19/07/12;000000;3.0020000
NYMEX.NG;D;20/07/12;000000;3.0920000
NYMEX.NG;D;22/07/12;000000;3.0850000
NYMEX.NG;D;23/07/12;000000;3.1120000
NYMEX.NG;D;24/07/12;000000;3.1570000
NYMEX.NG;D;25/07/12;000000;3.0580000
NYMEX.NG;D;26/07/12;000000;3.0940000
NYMEX.NG;D;27/07/12;000000;3.0390000
NYMEX.NG;D;29/07/12;000000;3.0540000
NYMEX.NG;D;30/07/12;000000;3.2100000
NYMEX.NG;D;31/07/12;000000;3.2220000
NYMEX.NG;D;01/08/12;000000;3.1620000
NYMEX.NG;D;02/08/12;000000;2.9160000
NYMEX.NG;D;03/08/12;000000;2.8900000
NYMEX.NG;D;05/08/12;000000;2.8220000
NYMEX.NG;D;06/08/12;000000;2.8990000
NYMEX.NG;D;07/08/12;000000;2.9510000
NYMEX.NG;D;08/08/12;000000;2.9160000
NYMEX.NG;D;09/08/12;000000;2.9370000
NYMEX.NG;D;10/08/12;000000;2.7830000
NYMEX.NG;D;12/08/12;000000;2.7590000
NYMEX.NG;D;13/08/12;000000;2.7440000
NYMEX.NG;D;14/08/12;000000;2.8170000
NYMEX.NG;D;15/08/12;000000;2.7840000
NYMEX.NG;D;16/08/12;000000;2.7250000
NYMEX.NG;D;17/08/12;000000;2.7320000
NYMEX.NG;D;19/08/12;000000;2.7060000
NYMEX.NG;D;20/08/12;000000;2.7740000
NYMEX.NG;D;21/08/12;000000;2.8070000
NYMEX.NG;D;22/08/12;000000;2.8460000
NYMEX.NG;D;23/08/12;000000;2.8230000
NYMEX.NG;D;24/08/12;000000;2.7030000
NYMEX.NG;D;26/08/12;000000;2.7410000
NYMEX.NG;D;27/08/12;000000;2.6490000
NYMEX.NG;D;28/08/12;000000;2.6000000
NYMEX.NG;D;29/08/12;000000;2.6750000
NYMEX.NG;D;30/08/12;000000;2.7540000
NYMEX.NG;D;31/08/12;000000;2.8020000
NYMEX.NG;D;02/09/12;000000;2.7820000
NYMEX.NG;D;03/09/12;000000;2.8000000
NYMEX.NG;D;04/09/12;000000;2.8560000
NYMEX.NG;D;05/09/12;000000;2.7980000
NYMEX.NG;D;06/09/12;000000;2.7590000
NYMEX.NG;D;07/09/12;000000;2.6900000
NYMEX.NG;D;09/09/12;000000;2.6660000
NYMEX.NG;D;10/09/12;000000;2.8150000
NYMEX.NG;D;11/09/12;000000;3.0170000
NYMEX.NG;D;12/09/12;000000;3.0610000
NYMEX.NG;D;13/09/12;000000;3.0330000
NYMEX.NG;D;14/09/12;000000;2.9440000
NYMEX.NG;D;16/09/12;000000;2.9500000
NYMEX.NG;D;17/09/12;000000;2.8750000
NYMEX.NG;D;18/09/12;000000;2.7640000
NYMEX.NG;D;19/09/12;000000;2.7740000
NYMEX.NG;D;20/09/12;000000;2.8190000
NYMEX.NG;D;21/09/12;000000;2.8900000
NYMEX.NG;D;23/09/12;000000;2.8880000
NYMEX.NG;D;24/09/12;000000;2.8640000
NYMEX.NG;D;25/09/12;000000;2.9410000
NYMEX.NG;D;26/09/12;000000;3.2070000
NYMEX.NG;D;27/09/12;000000;3.2950000
NYMEX.NG;D;28/09/12;000000;3.3170000
NYMEX.NG;D;30/09/12;000000;3.3810000
NYMEX.NG;D;01/10/12;000000;3.4990000
NYMEX.NG;D;02/10/12;000000;3.5050000
NYMEX.NG;D;03/10/12;000000;3.4330000
NYMEX.NG;D;04/10/12;000000;3.4260000
NYMEX.NG;D;05/10/12;000000;3.3970000
NYMEX.NG;D;07/10/12;000000;3.4090000
NYMEX.NG;D;08/10/12;000000;3.4160000
NYMEX.NG;D;09/10/12;000000;3.5000000
NYMEX.NG;D;10/10/12;000000;3.4830000
NYMEX.NG;D;11/10/12;000000;3.6030000
NYMEX.NG;D;12/10/12;000000;3.5960000
NYMEX.NG;D;14/10/12;000000;3.5720000
NYMEX.NG;D;15/10/12;000000;3.5030000
NYMEX.NG;D;16/10/12;000000;3.4390000
NYMEX.NG;D;17/10/12;000000;3.4720000
NYMEX.NG;D;18/10/12;000000;3.5590000
NYMEX.NG;D;19/10/12;000000;3.5790000
NYMEX.NG;D;21/10/12;000000;3.6210000
NYMEX.NG;D;22/10/12;000000;3.4450000
NYMEX.NG;D;23/10/12;000000;3.5120000
NYMEX.NG;D;24/10/12;000000;3.4480000
NYMEX.NG;D;25/10/12;000000;3.4360000
NYMEX.NG;D;26/10/12;000000;3.3940000
NYMEX.NG;D;28/10/12;000000;3.4170000
NYMEX.NG;D;29/10/12;000000;3.8150000
NYMEX.NG;D;30/10/12;000000;3.7090000
NYMEX.NG;D;31/10/12;000000;3.7060000
NYMEX.NG;D;01/11/12;000000;3.6900000
NYMEX.NG;D;02/11/12;000000;3.5470000
NYMEX.NG;D;04/11/12;000000;3.5220000
NYMEX.NG;D;05/11/12;000000;3.5450000
NYMEX.NG;D;06/11/12;000000;3.5870000
NYMEX.NG;D;07/11/12;000000;3.5450000
NYMEX.NG;D;08/11/12;000000;3.5650000
NYMEX.NG;D;09/11/12;000000;3.5040000
NYMEX.NG;D;11/11/12;000000;3.4980000
NYMEX.NG;D;12/11/12;000000;3.5840000
NYMEX.NG;D;13/11/12;000000;3.7640000
NYMEX.NG;D;14/11/12;000000;3.7770000
NYMEX.NG;D;15/11/12;000000;3.7260000
NYMEX.NG;D;16/11/12;000000;3.7920000
NYMEX.NG;D;18/11/12;000000;3.8160000
NYMEX.NG;D;19/11/12;000000;3.7680000
NYMEX.NG;D;20/11/12;000000;3.8020000
NYMEX.NG;D;21/11/12;000000;3.8940000
NYMEX.NG;D;22/11/12;000000;3.9000000
NYMEX.NG;D;23/11/12;000000;3.8950000
NYMEX.NG;D;25/11/12;000000;3.8490000
NYMEX.NG;D;26/11/12;000000;3.7400000
NYMEX.NG;D;27/11/12;000000;3.7510000
NYMEX.NG;D;28/11/12;000000;3.7880000
NYMEX.NG;D;29/11/12;000000;3.6430000
NYMEX.NG;D;30/11/12;000000;3.5740000
NYMEX.NG;D;02/12/12;000000;3.6170000
NYMEX.NG;D;03/12/12;000000;3.5840000
NYMEX.NG;D;04/12/12;000000;3.5370000
NYMEX.NG;D;05/12/12;000000;3.6820000
NYMEX.NG;D;06/12/12;000000;3.6700000
NYMEX.NG;D;07/12/12;000000;3.5450000
NYMEX.NG;D;09/12/12;000000;3.4840000
NYMEX.NG;D;10/12/12;000000;3.4580000
NYMEX.NG;D;11/12/12;000000;3.4060000
NYMEX.NG;D;12/12/12;000000;3.3780000
NYMEX.NG;D;13/12/12;000000;3.3300000
NYMEX.NG;D;14/12/12;000000;3.3040000
NYMEX.NG;D;16/12/12;000000;3.2920000
NYMEX.NG;D;17/12/12;000000;3.3480000
NYMEX.NG;D;18/12/12;000000;3.3810000
NYMEX.NG;D;19/12/12;000000;3.3560000
NYMEX.NG;D;20/12/12;000000;3.4280000
NYMEX.NG;D;21/12/12;000000;3.4450000
NYMEX.NG;D;23/12/12;000000;3.4200000
NYMEX.NG;D;24/12/12;000000;3.3390000
NYMEX.NG;D;25/12/12;000000;3.3280000
NYMEX.NG;D;26/12/12;000000;3.3590000
NYMEX.NG;D;27/12/12;000000;3.4070000
NYMEX.NG;D;28/12/12;000000;3.4570000
NYMEX.NG;D;30/12/12;000000;3.4770000
NYMEX.NG;D;31/12/12;000000;3.3620000
NYMEX.NG;D;01/01/13;000000;3.3240000
NYMEX.NG;D;02/01/13;000000;3.2070000
NYMEX.NG;D;03/01/13;000000;3.2120000
NYMEX.NG;D;04/01/13;000000;3.2850000
NYMEX.NG;D;06/01/13;000000;3.3100000
NYMEX.NG;D;07/01/13;000000;3.2570000
NYMEX.NG;D;08/01/13;000000;3.1890000
NYMEX.NG;D;09/01/13;000000;3.1360000
NYMEX.NG;D;10/01/13;000000;3.1920000
NYMEX.NG;D;11/01/13;000000;3.3230000
NYMEX.NG;D;13/01/13;000000;3.3630000
NYMEX.NG;D;14/01/13;000000;3.3710000
NYMEX.NG;D;15/01/13;000000;3.4230000
NYMEX.NG;D;16/01/13;000000;3.4040000
NYMEX.NG;D;17/01/13;000000;3.5060000
NYMEX.NG;D;18/01/13;000000;3.5680000
NYMEX.NG;D;20/01/13;000000;3.6040000
NYMEX.NG;D;21/01/13;000000;3.6250000
NYMEX.NG;D;22/01/13;000000;3.5870000
NYMEX.NG;D;23/01/13;000000;3.5790000
NYMEX.NG;D;24/01/13;000000;3.4570000
NYMEX.NG;D;25/01/13;000000;3.4450000
NYMEX.NG;D;27/01/13;000000;3.3850000
NYMEX.NG;D;28/01/13;000000;3.2500000
NYMEX.NG;D;29/01/13;000000;3.2930000
NYMEX.NG;D;30/01/13;000000;3.3430000
NYMEX.NG;D;31/01/13;000000;3.3140000
NYMEX.NG;D;01/02/13;000000;3.3040000
NYMEX.NG;D;03/02/13;000000;3.3130000
NYMEX.NG;D;04/02/13;000000;3.3280000
NYMEX.NG;D;05/02/13;000000;3.4060000
NYMEX.NG;D;06/02/13;000000;3.4440000
NYMEX.NG;D;07/02/13;000000;3.2810000
NYMEX.NG;D;08/02/13;000000;3.2630000
NYMEX.NG;D;10/02/13;000000;3.2610000
NYMEX.NG;D;11/02/13;000000;3.2840000
NYMEX.NG;D;12/02/13;000000;3.2340000
NYMEX.NG;D;13/02/13;000000;3.3020000
NYMEX.NG;D;14/02/13;000000;3.1580000
NYMEX.NG;D;15/02/13;000000;3.1570000
NYMEX.NG;D;17/02/13;000000;3.1580000
NYMEX.NG;D;18/02/13;000000;3.1800000
NYMEX.NG;D;19/02/13;000000;3.2820000
NYMEX.NG;D;20/02/13;000000;3.2560000
NYMEX.NG;D;21/02/13;000000;3.2430000
NYMEX.NG;D;22/02/13;000000;3.2760000
NYMEX.NG;D;24/02/13;000000;3.3430000
NYMEX.NG;D;25/02/13;000000;3.4300000
NYMEX.NG;D;26/02/13;000000;3.4590000
NYMEX.NG;D;27/02/13;000000;3.4570000
NYMEX.NG;D;28/02/13;000000;3.4960000
NYMEX.NG;D;01/03/13;000000;3.4600000
NYMEX.NG;D;03/03/13;000000;3.4400000
NYMEX.NG;D;04/03/13;000000;3.5580000
NYMEX.NG;D;05/03/13;000000;3.5390000
NYMEX.NG;D;06/03/13;000000;3.4920000
NYMEX.NG;D;07/03/13;000000;3.5910000
NYMEX.NG;D;08/03/13;000000;3.6240000
NYMEX.NG;D;10/03/13;000000;3.6310000
NYMEX.NG;D;11/03/13;000000;3.6640000
NYMEX.NG;D;12/03/13;000000;3.6480000
NYMEX.NG;D;13/03/13;000000;3.6920000
NYMEX.NG;D;14/03/13;000000;3.8300000
NYMEX.NG;D;15/03/13;000000;3.8620000
NYMEX.NG;D;17/03/13;000000;3.9190000
NYMEX.NG;D;18/03/13;000000;3.8920000
NYMEX.NG;D;19/03/13;000000;3.9490000
NYMEX.NG;D;20/03/13;000000;3.9470000
NYMEX.NG;D;21/03/13;000000;3.9510000
NYMEX.NG;D;22/03/13;000000;3.9370000
NYMEX.NG;D;24/03/13;000000;3.9470000
NYMEX.NG;D;25/03/13;000000;3.8910000
NYMEX.NG;D;26/03/13;000000;3.9990000
NYMEX.NG;D;27/03/13;000000;4.0810000
NYMEX.NG;D;28/03/13;000000;4.0200000
NYMEX.NG;D;31/03/13;000000;3.9870000
NYMEX.NG;D;01/04/13;000000;4.0150000
NYMEX.NG;D;02/04/13;000000;3.9790000
NYMEX.NG;D;03/04/13;000000;3.9090000
NYMEX.NG;D;04/04/13;000000;3.9510000
NYMEX.NG;D;05/04/13;000000;4.1390000
NYMEX.NG;D;07/04/13;000000;4.1580000
NYMEX.NG;D;08/04/13;000000;4.0860000
NYMEX.NG;D;09/04/13;000000;4.0380000
NYMEX.NG;D;10/04/13;000000;4.1280000
NYMEX.NG;D;11/04/13;000000;4.1510000
NYMEX.NG;D;12/04/13;000000;4.2600000
NYMEX.NG;D;14/04/13;000000;4.2500000
NYMEX.NG;D;15/04/13;000000;4.1480000
NYMEX.NG;D;16/04/13;000000;4.1760000
NYMEX.NG;D;17/04/13;000000;4.1910000
NYMEX.NG;D;18/04/13;000000;4.3970000
NYMEX.NG;D;19/04/13;000000;4.3920000
NYMEX.NG;D;21/04/13;000000;4.3410000
NYMEX.NG;D;22/04/13;000000;4.2480000
NYMEX.NG;D;23/04/13;000000;4.2240000
NYMEX.NG;D;24/04/13;000000;4.1750000
NYMEX.NG;D;25/04/13;000000;4.1620000
NYMEX.NG;D;26/04/13;000000;4.1520000
NYMEX.NG;D;28/04/13;000000;4.2660000
NYMEX.NG;D;29/04/13;000000;4.3710000
NYMEX.NG;D;30/04/13;000000;4.3580000
NYMEX.NG;D;01/05/13;000000;4.3340000
NYMEX.NG;D;02/05/13;000000;4.0290000
NYMEX.NG;D;03/05/13;000000;4.0520000
NYMEX.NG;D;05/05/13;000000;4.0130000
NYMEX.NG;D;06/05/13;000000;3.9940000
NYMEX.NG;D;07/05/13;000000;3.9060000
NYMEX.NG;D;08/05/13;000000;3.9340000
NYMEX.NG;D;09/05/13;000000;3.9490000
NYMEX.NG;D;10/05/13;000000;3.9070000
NYMEX.NG;D;12/05/13;000000;3.8910000
NYMEX.NG;D;13/05/13;000000;3.9340000
NYMEX.NG;D;14/05/13;000000;4.0150000
NYMEX.NG;D;15/05/13;000000;4.0620000
NYMEX.NG;D;16/05/13;000000;3.9390000
NYMEX.NG;D;17/05/13;000000;4.0580000
NYMEX.NG;D;19/05/13;000000;4.1200000
NYMEX.NG;D;20/05/13;000000;4.1050000
NYMEX.NG;D;21/05/13;000000;4.1980000
NYMEX.NG;D;22/05/13;000000;4.2150000
NYMEX.NG;D;23/05/13;000000;4.2810000
NYMEX.NG;D;24/05/13;000000;4.2230000
NYMEX.NG;D;26/05/13;000000;4.2120000
NYMEX.NG;D;27/05/13;000000;4.2720000
NYMEX.NG;D;28/05/13;000000;4.1650000
NYMEX.NG;D;29/05/13;000000;4.1800000
NYMEX.NG;D;30/05/13;000000;4.0150000
NYMEX.NG;D;31/05/13;000000;3.9830000
NYMEX.NG;D;02/06/13;000000;3.9620000
NYMEX.NG;D;03/06/13;000000;3.9730000
NYMEX.NG;D;04/06/13;000000;4.0060000
NYMEX.NG;D;05/06/13;000000;3.9940000
NYMEX.NG;D;06/06/13;000000;3.8190000
NYMEX.NG;D;07/06/13;000000;3.8230000
NYMEX.NG;D;09/06/13;000000;3.8320000
NYMEX.NG;D;10/06/13;000000;3.7890000
NYMEX.NG;D;11/06/13;000000;3.7220000
NYMEX.NG;D;12/06/13;000000;3.7620000
NYMEX.NG;D;13/06/13;000000;3.8100000
NYMEX.NG;D;14/06/13;000000;3.7550000
NYMEX.NG;D;16/06/13;000000;3.7630000
NYMEX.NG;D;17/06/13;000000;3.8810000
NYMEX.NG;D;18/06/13;000000;3.9200000
NYMEX.NG;D;19/06/13;000000;3.9390000
NYMEX.NG;D;20/06/13;000000;3.8780000
NYMEX.NG;D;21/06/13;000000;3.8070000
NYMEX.NG;D;23/06/13;000000;3.7590000
NYMEX.NG;D;24/06/13;000000;3.7380000
NYMEX.NG;D;25/06/13;000000;3.6460000
NYMEX.NG;D;26/06/13;000000;3.7380000
NYMEX.NG;D;27/06/13;000000;3.6010000
NYMEX.NG;D;28/06/13;000000;3.5660000
NYMEX.NG;D;30/06/13;000000;3.5980000
NYMEX.NG;D;01/07/13;000000;3.5800000
NYMEX.NG;D;02/07/13;000000;3.6450000
NYMEX.NG;D;03/07/13;000000;3.6520000
NYMEX.NG;D;04/07/13;000000;3.6630000
NYMEX.NG;D;05/07/13;000000;3.6200000
NYMEX.NG;D;07/07/13;000000;3.6440000
NYMEX.NG;D;08/07/13;000000;3.7380000
NYMEX.NG;D;09/07/13;000000;3.6430000
NYMEX.NG;D;10/07/13;000000;3.6640000
NYMEX.NG;D;11/07/13;000000;3.6180000
NYMEX.NG;D;12/07/13;000000;3.6420000
NYMEX.NG;D;14/07/13;000000;3.6650000
NYMEX.NG;D;15/07/13;000000;3.6550000
NYMEX.NG;D;16/07/13;000000;3.6630000
NYMEX.NG;D;17/07/13;000000;3.6220000
NYMEX.NG;D;18/07/13;000000;3.8140000
NYMEX.NG;D;19/07/13;000000;3.7710000
NYMEX.NG;D;21/07/13;000000;3.7420000
NYMEX.NG;D;22/07/13;000000;3.7050000
NYMEX.NG;D;23/07/13;000000;3.7250000
NYMEX.NG;D;24/07/13;000000;3.7130000
NYMEX.NG;D;25/07/13;000000;3.6530000
NYMEX.NG;D;26/07/13;000000;3.5600000
NYMEX.NG;D;28/07/13;000000;3.4750000
NYMEX.NG;D;29/07/13;000000;3.4680000
NYMEX.NG;D;30/07/13;000000;3.4450000
NYMEX.NG;D;31/07/13;000000;3.4360000
NYMEX.NG;D;01/08/13;000000;3.3610000
NYMEX.NG;D;02/08/13;000000;3.3350000
NYMEX.NG;D;04/08/13;000000;3.3290000
NYMEX.NG;D;05/08/13;000000;3.3180000
NYMEX.NG;D;06/08/13;000000;3.2970000
NYMEX.NG;D;07/08/13;000000;3.2340000
NYMEX.NG;D;08/08/13;000000;3.3250000
NYMEX.NG;D;09/08/13;000000;3.2170000
NYMEX.NG;D;11/08/13;000000;3.2630000
NYMEX.NG;D;12/08/13;000000;3.3250000
NYMEX.NG;D;13/08/13;000000;3.2970000
NYMEX.NG;D;14/08/13;000000;3.3350000
NYMEX.NG;D;15/08/13;000000;3.4250000
NYMEX.NG;D;16/08/13;000000;3.3720000
NYMEX.NG;D;18/08/13;000000;3.4230000
NYMEX.NG;D;19/08/13;000000;3.4720000
NYMEX.NG;D;20/08/13;000000;3.4240000
NYMEX.NG;D;21/08/13;000000;3.4730000
NYMEX.NG;D;22/08/13;000000;3.5460000
NYMEX.NG;D;23/08/13;000000;3.4800000
NYMEX.NG;D;25/08/13;000000;3.5240000
NYMEX.NG;D;26/08/13;000000;3.4990000
NYMEX.NG;D;27/08/13;000000;3.5880000
NYMEX.NG;D;28/08/13;000000;3.5900000
NYMEX.NG;D;29/08/13;000000;3.6300000
NYMEX.NG;D;30/08/13;000000;3.5880000
NYMEX.NG;D;01/09/13;000000;3.6460000
NYMEX.NG;D;02/09/13;000000;3.6600000
NYMEX.NG;D;03/09/13;000000;3.6690000
NYMEX.NG;D;04/09/13;000000;3.6840000
NYMEX.NG;D;05/09/13;000000;3.5610000
NYMEX.NG;D;06/09/13;000000;3.5330000
NYMEX.NG;D;08/09/13;000000;3.5530000
NYMEX.NG;D;09/09/13;000000;3.6120000
NYMEX.NG;D;10/09/13;000000;3.5840000
NYMEX.NG;D;11/09/13;000000;3.5610000
NYMEX.NG;D;12/09/13;000000;3.6350000
NYMEX.NG;D;13/09/13;000000;3.6760000
NYMEX.NG;D;15/09/13;000000;3.6830000
NYMEX.NG;D;16/09/13;000000;3.7660000
NYMEX.NG;D;17/09/13;000000;3.7430000
NYMEX.NG;D;18/09/13;000000;3.7350000
NYMEX.NG;D;19/09/13;000000;3.7100000
NYMEX.NG;D;20/09/13;000000;3.6870000
NYMEX.NG;D;22/09/13;000000;3.6700000
NYMEX.NG;D;23/09/13;000000;3.5900000
NYMEX.NG;D;24/09/13;000000;3.5090000
NYMEX.NG;D;25/09/13;000000;3.4990000
NYMEX.NG;D;26/09/13;000000;3.5700000
NYMEX.NG;D;27/09/13;000000;3.5870000
NYMEX.NG;D;29/09/13;000000;3.5570000
NYMEX.NG;D;30/09/13;000000;3.5440000
NYMEX.NG;D;01/10/13;000000;3.6250000
NYMEX.NG;D;02/10/13;000000;3.5520000
NYMEX.NG;D;03/10/13;000000;3.5160000
NYMEX.NG;D;04/10/13;000000;3.5110000
NYMEX.NG;D;06/10/13;000000;3.5240000
NYMEX.NG;D;07/10/13;000000;3.6460000
NYMEX.NG;D;08/10/13;000000;3.7200000
NYMEX.NG;D;09/10/13;000000;3.7040000
NYMEX.NG;D;10/10/13;000000;3.7510000
NYMEX.NG;D;11/10/13;000000;3.7910000
NYMEX.NG;D;13/10/13;000000;3.8320000
NYMEX.NG;D;14/10/13;000000;3.8430000
NYMEX.NG;D;15/10/13;000000;3.8180000
NYMEX.NG;D;16/10/13;000000;3.7940000
NYMEX.NG;D;17/10/13;000000;3.7590000
NYMEX.NG;D;18/10/13;000000;3.7650000
NYMEX.NG;D;20/10/13;000000;3.7960000
NYMEX.NG;D;21/10/13;000000;3.6610000
NYMEX.NG;D;22/10/13;000000;3.5910000
NYMEX.NG;D;23/10/13;000000;3.6260000
NYMEX.NG;D;24/10/13;000000;3.6110000
NYMEX.NG;D;25/10/13;000000;3.7270000
NYMEX.NG;D;27/10/13;000000;3.6400000
NYMEX.NG;D;28/10/13;000000;3.5500000
NYMEX.NG;D;29/10/13;000000;3.6330000
NYMEX.NG;D;30/10/13;000000;3.6400000
NYMEX.NG;D;31/10/13;000000;3.5680000
NYMEX.NG;D;01/11/13;000000;3.5130000
NYMEX.NG;D;03/11/13;000000;3.4240000
NYMEX.NG;D;04/11/13;000000;3.4350000
NYMEX.NG;D;05/11/13;000000;3.4810000
NYMEX.NG;D;06/11/13;000000;3.4980000
NYMEX.NG;D;07/11/13;000000;3.5200000
NYMEX.NG;D;08/11/13;000000;3.5490000
NYMEX.NG;D;10/11/13;000000;3.5760000
NYMEX.NG;D;11/11/13;000000;3.5680000
NYMEX.NG;D;12/11/13;000000;3.6450000
NYMEX.NG;D;13/11/13;000000;3.5490000
NYMEX.NG;D;14/11/13;000000;3.6070000
NYMEX.NG;D;15/11/13;000000;3.6440000
NYMEX.NG;D;17/11/13;000000;3.6810000
NYMEX.NG;D;18/11/13;000000;3.6230000
NYMEX.NG;D;19/11/13;000000;3.5650000
NYMEX.NG;D;20/11/13;000000;3.6740000
NYMEX.NG;D;21/11/13;000000;3.7120000
NYMEX.NG;D;22/11/13;000000;3.7830000
NYMEX.NG;D;24/11/13;000000;3.8310000
NYMEX.NG;D;25/11/13;000000;3.8150000
NYMEX.NG;D;26/11/13;000000;3.8580000
NYMEX.NG;D;27/11/13;000000;3.8970000
NYMEX.NG;D;28/11/13;000000;3.9250000
NYMEX.NG;D;29/11/13;000000;3.9540000
NYMEX.NG;D;01/12/13;000000;3.9170000
NYMEX.NG;D;02/12/13;000000;3.9800000
NYMEX.NG;D;03/12/13;000000;3.9870000
NYMEX.NG;D;04/12/13;000000;3.9720000
NYMEX.NG;D;05/12/13;000000;4.1360000
NYMEX.NG;D;06/12/13;000000;4.1300000
NYMEX.NG;D;08/12/13;000000;4.1620000
NYMEX.NG;D;09/12/13;000000;4.2410000
NYMEX.NG;D;10/12/13;000000;4.2540000
NYMEX.NG;D;11/12/13;000000;4.3550000
NYMEX.NG;D;12/12/13;000000;4.3850000
NYMEX.NG;D;13/12/13;000000;4.3990000
NYMEX.NG;D;15/12/13;000000;4.2830000
NYMEX.NG;D;16/12/13;000000;4.2820000
NYMEX.NG;D;17/12/13;000000;4.3040000
NYMEX.NG;D;18/12/13;000000;4.3050000
NYMEX.NG;D;19/12/13;000000;4.4460000
NYMEX.NG;D;20/12/13;000000;4.4170000
NYMEX.NG;D;22/12/13;000000;4.5210000
NYMEX.NG;D;23/12/13;000000;4.4860000
NYMEX.NG;D;24/12/13;000000;4.4220000
NYMEX.NG;D;25/12/13;000000;4.4490000
NYMEX.NG;D;26/12/13;000000;4.3990000
NYMEX.NG;D;27/12/13;000000;4.4070000
NYMEX.NG;D;29/12/13;000000;4.4300000
NYMEX.NG;D;30/12/13;000000;4.4130000
NYMEX.NG;D;31/12/13;000000;4.2320000
NYMEX.NG;D;01/01/14;000000;4.2430000
NYMEX.NG;D;02/01/14;000000;4.2770000
NYMEX.NG;D;03/01/14;000000;4.3260000
NYMEX.NG;D;05/01/14;000000;4.3540000
NYMEX.NG;D;06/01/14;000000;4.3360000
NYMEX.NG;D;07/01/14;000000;4.3350000
NYMEX.NG;D;08/01/14;000000;4.1790000
NYMEX.NG;D;09/01/14;000000;4.0130000
NYMEX.NG;D;10/01/14;000000;4.0760000
NYMEX.NG;D;12/01/14;000000;4.1260000
NYMEX.NG;D;13/01/14;000000;4.3230000
NYMEX.NG;D;14/01/14;000000;4.3520000
NYMEX.NG;D;15/01/14;000000;4.3640000
NYMEX.NG;D;16/01/14;000000;4.3640000
NYMEX.NG;D;17/01/14;000000;4.2990000
NYMEX.NG;D;19/01/14;000000;4.2750000
NYMEX.NG;D;20/01/14;000000;4.3100000
NYMEX.NG;D;21/01/14;000000;4.4640000
NYMEX.NG;D;22/01/14;000000;4.7530000
NYMEX.NG;D;23/01/14;000000;4.8760000
NYMEX.NG;D;24/01/14;000000;5.1560000
NYMEX.NG;D;26/01/14;000000;5.4340000
NYMEX.NG;D;27/01/14;000000;4.9200000
NYMEX.NG;D;28/01/14;000000;4.9500000
NYMEX.NG;D;29/01/14;000000;5.3370000
NYMEX.NG;D;30/01/14;000000;4.9170000
NYMEX.NG;D;31/01/14;000000;4.8870000
NYMEX.NG;D;02/02/14;000000;4.8290000
NYMEX.NG;D;03/02/14;000000;5.0640000
NYMEX.NG;D;04/02/14;000000;5.2610000
NYMEX.NG;D;05/02/14;000000;5.2140000
NYMEX.NG;D;06/02/14;000000;4.9290000
NYMEX.NG;D;07/02/14;000000;4.7720000
NYMEX.NG;D;09/02/14;000000;4.7050000
NYMEX.NG;D;10/02/14;000000;4.6300000
NYMEX.NG;D;11/02/14;000000;4.9650000
NYMEX.NG;D;12/02/14;000000;4.9460000
NYMEX.NG;D;13/02/14;000000;5.2750000
NYMEX.NG;D;14/02/14;000000;5.2020000
NYMEX.NG;D;16/02/14;000000;5.3960000
NYMEX.NG;D;17/02/14;000000;5.5470000
NYMEX.NG;D;18/02/14;000000;5.6500000
NYMEX.NG;D;19/02/14;000000;5.9220000
NYMEX.NG;D;20/02/14;000000;6.1750000
NYMEX.NG;D;21/02/14;000000;6.2380000
NYMEX.NG;D;23/02/14;000000;6.3500000
NYMEX.NG;D;24/02/14;000000;5.3120000
NYMEX.NG;D;25/02/14;000000;4.9500000
NYMEX.NG;D;26/02/14;000000;4.5030000
NYMEX.NG;D;27/02/14;000000;4.4760000
NYMEX.NG;D;28/02/14;000000;4.6000000
NYMEX.NG;D;02/03/14;000000;4.7040000
NYMEX.NG;D;03/03/14;000000;4.5400000
NYMEX.NG;D;04/03/14;000000;4.6950000
NYMEX.NG;D;05/03/14;000000;4.5740000
NYMEX.NG;D;06/03/14;000000;4.6500000
NYMEX.NG;D;07/03/14;000000;4.6260000
NYMEX.NG;D;09/03/14;000000;4.5910000
NYMEX.NG;D;10/03/14;000000;4.6520000
NYMEX.NG;D;11/03/14;000000;4.6220000
NYMEX.NG;D;12/03/14;000000;4.4850000
NYMEX.NG;D;13/03/14;000000;4.3850000
NYMEX.NG;D;14/03/14;000000;4.4110000
NYMEX.NG;D;16/03/14;000000;4.5090000
NYMEX.NG;D;17/03/14;000000;4.5250000
NYMEX.NG;D;18/03/14;000000;4.4500000
NYMEX.NG;D;19/03/14;000000;4.4580000
NYMEX.NG;D;20/03/14;000000;4.3150000
NYMEX.NG;D;21/03/14;000000;4.3150000
NYMEX.NG;D;23/03/14;000000;4.3370000
NYMEX.NG;D;24/03/14;000000;4.2830000
NYMEX.NG;D;25/03/14;000000;4.4070000
NYMEX.NG;D;26/03/14;000000;4.4050000
NYMEX.NG;D;27/03/14;000000;4.5400000
NYMEX.NG;D;28/03/14;000000;4.4720000
NYMEX.NG;D;30/03/14;000000;4.4480000
NYMEX.NG;D;31/03/14;000000;4.3790000
NYMEX.NG;D;01/04/14;000000;4.2530000
NYMEX.NG;D;02/04/14;000000;4.3640000
NYMEX.NG;D;03/04/14;000000;4.4390000
NYMEX.NG;D;04/04/14;000000;4.4170000
NYMEX.NG;D;06/04/14;000000;4.4560000
NYMEX.NG;D;07/04/14;000000;4.4910000
NYMEX.NG;D;08/04/14;000000;4.5460000
NYMEX.NG;D;09/04/14;000000;4.5700000
NYMEX.NG;D;10/04/14;000000;4.6650000
NYMEX.NG;D;11/04/14;000000;4.6290000
NYMEX.NG;D;13/04/14;000000;4.6240000
NYMEX.NG;D;14/04/14;000000;4.5580000
NYMEX.NG;D;15/04/14;000000;4.5410000
NYMEX.NG;D;16/04/14;000000;4.5500000
NYMEX.NG;D;17/04/14;000000;4.7350000
NYMEX.NG;D;20/04/14;000000;4.7400000
NYMEX.NG;D;21/04/14;000000;4.6980000
NYMEX.NG;D;22/04/14;000000;4.7300000
NYMEX.NG;D;23/04/14;000000;4.7870000
NYMEX.NG;D;24/04/14;000000;4.7120000
NYMEX.NG;D;25/04/14;000000;4.6380000
NYMEX.NG;D;27/04/14;000000;4.6530000
NYMEX.NG;D;28/04/14;000000;4.7760000
NYMEX.NG;D;29/04/14;000000;4.8320000
NYMEX.NG;D;30/04/14;000000;4.7950000
NYMEX.NG;D;01/05/14;000000;4.7120000
NYMEX.NG;D;02/05/14;000000;4.6850000
NYMEX.NG;D;04/05/14;000000;4.6970000
NYMEX.NG;D;05/05/14;000000;4.7030000
NYMEX.NG;D;06/05/14;000000;4.7850000
NYMEX.NG;D;07/05/14;000000;4.7290000
NYMEX.NG;D;08/05/14;000000;4.5680000
NYMEX.NG;D;09/05/14;000000;4.5330000
NYMEX.NG;D;11/05/14;000000;4.5050000
NYMEX.NG;D;12/05/14;000000;4.4100000
NYMEX.NG;D;13/05/14;000000;4.3650000
NYMEX.NG;D;14/05/14;000000;4.3530000
NYMEX.NG;D;15/05/14;000000;4.4550000
NYMEX.NG;D;16/05/14;000000;4.4140000
NYMEX.NG;D;18/05/14;000000;4.4250000
NYMEX.NG;D;19/05/14;000000;4.4750000
NYMEX.NG;D;20/05/14;000000;4.5340000
NYMEX.NG;D;21/05/14;000000;4.4900000
NYMEX.NG;D;22/05/14;000000;4.3660000
NYMEX.NG;D;23/05/14;000000;4.3940000
NYMEX.NG;D;25/05/14;000000;4.3980000
NYMEX.NG;D;26/05/14;000000;4.3850000
NYMEX.NG;D;27/05/14;000000;4.4940000
NYMEX.NG;D;28/05/14;000000;4.6230000
NYMEX.NG;D;29/05/14;000000;4.5680000
NYMEX.NG;D;30/05/14;000000;4.5550000
NYMEX.NG;D;01/06/14;000000;4.5680000
NYMEX.NG;D;02/06/14;000000;4.6020000
NYMEX.NG;D;03/06/14;000000;4.6260000
NYMEX.NG;D;04/06/14;000000;4.6630000
NYMEX.NG;D;05/06/14;000000;4.7190000
NYMEX.NG;D;06/06/14;000000;4.7150000
NYMEX.NG;D;08/06/14;000000;4.7290000
NYMEX.NG;D;09/06/14;000000;4.6230000
NYMEX.NG;D;10/06/14;000000;4.5420000
NYMEX.NG;D;11/06/14;000000;4.5220000
NYMEX.NG;D;12/06/14;000000;4.7530000
NYMEX.NG;D;13/06/14;000000;4.7540000
NYMEX.NG;D;15/06/14;000000;4.7890000
NYMEX.NG;D;16/06/14;000000;4.7040000
NYMEX.NG;D;17/06/14;000000;4.7180000
NYMEX.NG;D;18/06/14;000000;4.6430000
NYMEX.NG;D;19/06/14;000000;4.5780000
NYMEX.NG;D;20/06/14;000000;4.5540000
NYMEX.NG;D;22/06/14;000000;4.5280000
NYMEX.NG;D;23/06/14;000000;4.4540000
NYMEX.NG;D;24/06/14;000000;4.5230000
NYMEX.NG;D;25/06/14;000000;4.5800000
NYMEX.NG;D;26/06/14;000000;4.4530000
NYMEX.NG;D;27/06/14;000000;4.4360000
NYMEX.NG;D;29/06/14;000000;4.4060000
NYMEX.NG;D;30/06/14;000000;4.4390000
NYMEX.NG;D;01/07/14;000000;4.4520000
NYMEX.NG;D;02/07/14;000000;4.3590000
NYMEX.NG;D;03/07/14;000000;4.3820000
NYMEX.NG;D;04/07/14;000000;4.3670000
NYMEX.NG;D;06/07/14;000000;4.3400000
NYMEX.NG;D;07/07/14;000000;4.2190000
NYMEX.NG;D;08/07/14;000000;4.2070000
NYMEX.NG;D;09/07/14;000000;4.1730000
NYMEX.NG;D;10/07/14;000000;4.1280000
NYMEX.NG;D;11/07/14;000000;4.1410000
NYMEX.NG;D;13/07/14;000000;4.1210000
NYMEX.NG;D;14/07/14;000000;4.1360000
NYMEX.NG;D;15/07/14;000000;4.0940000
NYMEX.NG;D;16/07/14;000000;4.1000000
NYMEX.NG;D;17/07/14;000000;3.9580000
NYMEX.NG;D;18/07/14;000000;3.9410000
NYMEX.NG;D;20/07/14;000000;3.8740000
NYMEX.NG;D;21/07/14;000000;3.8460000
NYMEX.NG;D;22/07/14;000000;3.7780000
NYMEX.NG;D;23/07/14;000000;3.7650000
NYMEX.NG;D;24/07/14;000000;3.8490000
NYMEX.NG;D;25/07/14;000000;3.7830000
NYMEX.NG;D;27/07/14;000000;3.7730000
NYMEX.NG;D;28/07/14;000000;3.7270000
NYMEX.NG;D;29/07/14;000000;3.8210000
NYMEX.NG;D;30/07/14;000000;3.7980000
NYMEX.NG;D;31/07/14;000000;3.8260000
NYMEX.NG;D;01/08/14;000000;3.7960000
NYMEX.NG;D;03/08/14;000000;3.7850000
NYMEX.NG;D;04/08/14;000000;3.8390000
NYMEX.NG;D;05/08/14;000000;3.9080000
NYMEX.NG;D;06/08/14;000000;3.9480000
NYMEX.NG;D;07/08/14;000000;3.8820000
NYMEX.NG;D;08/08/14;000000;3.9750000
NYMEX.NG;D;10/08/14;000000;3.9970000
NYMEX.NG;D;11/08/14;000000;3.9870000
NYMEX.NG;D;12/08/14;000000;3.9690000
NYMEX.NG;D;13/08/14;000000;3.8200000
NYMEX.NG;D;14/08/14;000000;3.8590000
NYMEX.NG;D;15/08/14;000000;3.7860000
NYMEX.NG;D;17/08/14;000000;3.7430000
NYMEX.NG;D;18/08/14;000000;3.7850000
NYMEX.NG;D;19/08/14;000000;3.8640000
NYMEX.NG;D;20/08/14;000000;3.8560000
NYMEX.NG;D;21/08/14;000000;3.8750000
NYMEX.NG;D;22/08/14;000000;3.8420000
NYMEX.NG;D;24/08/14;000000;3.8520000
NYMEX.NG;D;25/08/14;000000;3.9250000
NYMEX.NG;D;26/08/14;000000;3.9320000
NYMEX.NG;D;27/08/14;000000;3.9990000
NYMEX.NG;D;28/08/14;000000;4.0480000
NYMEX.NG;D;29/08/14;000000;4.0840000
NYMEX.NG;D;31/08/14;000000;4.0390000
NYMEX.NG;D;01/09/14;000000;4.0280000
NYMEX.NG;D;02/09/14;000000;3.9100000
NYMEX.NG;D;03/09/14;000000;3.8570000
NYMEX.NG;D;04/09/14;000000;3.8190000
NYMEX.NG;D;05/09/14;000000;3.8100000
NYMEX.NG;D;07/09/14;000000;3.7910000
NYMEX.NG;D;08/09/14;000000;3.8560000
NYMEX.NG;D;09/09/14;000000;3.9710000
NYMEX.NG;D;10/09/14;000000;3.9570000
NYMEX.NG;D;11/09/14;000000;3.8330000
NYMEX.NG;D;12/09/14;000000;3.8410000
NYMEX.NG;D;14/09/14;000000;3.8660000
NYMEX.NG;D;15/09/14;000000;3.9080000
NYMEX.NG;D;16/09/14;000000;3.9790000
NYMEX.NG;D;17/09/14;000000;4.0000000
NYMEX.NG;D;18/09/14;000000;3.8950000
NYMEX.NG;D;19/09/14;000000;3.8440000
NYMEX.NG;D;21/09/14;000000;3.8400000
NYMEX.NG;D;22/09/14;000000;3.8440000
NYMEX.NG;D;23/09/14;000000;3.8330000
NYMEX.NG;D;24/09/14;000000;3.8640000
NYMEX.NG;D;25/09/14;000000;3.9400000
NYMEX.NG;D;26/09/14;000000;3.9840000
NYMEX.NG;D;28/09/14;000000;4.0140000
NYMEX.NG;D;29/09/14;000000;4.1390000
NYMEX.NG;D;30/09/14;000000;4.1270000
NYMEX.NG;D;01/10/14;000000;4.0240000
NYMEX.NG;D;02/10/14;000000;3.9550000
NYMEX.NG;D;03/10/14;000000;4.0210000
NYMEX.NG;D;05/10/14;000000;3.9700000
NYMEX.NG;D;06/10/14;000000;3.8850000
NYMEX.NG;D;07/10/14;000000;3.9200000
NYMEX.NG;D;08/10/14;000000;3.8580000
NYMEX.NG;D;09/10/14;000000;3.8490000
NYMEX.NG;D;10/10/14;000000;3.8600000
NYMEX.NG;D;12/10/14;000000;3.8270000
NYMEX.NG;D;13/10/14;000000;3.9060000
NYMEX.NG;D;14/10/14;000000;3.8450000
NYMEX.NG;D;15/10/14;000000;3.8120000
NYMEX.NG;D;16/10/14;000000;3.8070000
NYMEX.NG;D;17/10/14;000000;3.7600000
NYMEX.NG;D;19/10/14;000000;3.7330000
NYMEX.NG;D;20/10/14;000000;3.6770000
NYMEX.NG;D;21/10/14;000000;3.7000000
NYMEX.NG;D;22/10/14;000000;3.6550000
NYMEX.NG;D;23/10/14;000000;3.6210000
NYMEX.NG;D;24/10/14;000000;3.6310000
NYMEX.NG;D;26/10/14;000000;3.6090000
NYMEX.NG;D;27/10/14;000000;3.5640000
NYMEX.NG;D;28/10/14;000000;3.6390000
NYMEX.NG;D;29/10/14;000000;3.7960000
NYMEX.NG;D;30/10/14;000000;3.8350000
NYMEX.NG;D;31/10/14;000000;3.8670000
NYMEX.NG;D;02/11/14;000000;4.0340000
NYMEX.NG;D;03/11/14;000000;4.0580000
NYMEX.NG;D;04/11/14;000000;4.1710000
NYMEX.NG;D;05/11/14;000000;4.2060000
NYMEX.NG;D;06/11/14;000000;4.4160000
NYMEX.NG;D;07/11/14;000000;4.3790000
NYMEX.NG;D;09/11/14;000000;4.4860000
NYMEX.NG;D;10/11/14;000000;4.2100000
NYMEX.NG;D;11/11/14;000000;4.1760000
NYMEX.NG;D;12/11/14;000000;4.1370000
NYMEX.NG;D;13/11/14;000000;3.9760000
NYMEX.NG;D;14/11/14;000000;4.0610000
NYMEX.NG;D;16/11/14;000000;4.1450000
NYMEX.NG;D;17/11/14;000000;4.3070000
NYMEX.NG;D;18/11/14;000000;4.2150000
NYMEX.NG;D;19/11/14;000000;4.3900000
NYMEX.NG;D;20/11/14;000000;4.4540000
NYMEX.NG;D;21/11/14;000000;4.2360000
NYMEX.NG;D;24/11/14;000000;4.1590000
NYMEX.NG;D;25/11/14;000000;4.4030000
NYMEX.NG;D;26/11/14;000000;4.3500000
NYMEX.NG;D;27/11/14;000000;4.2200000
NYMEX.NG;D;28/11/14;000000;4.0840000
NYMEX.NG;D;30/11/14;000000;3.9600000
NYMEX.NG;D;01/12/14;000000;3.9870000
NYMEX.NG;D;02/12/14;000000;3.8470000
NYMEX.NG;D;03/12/14;000000;3.7820000
NYMEX.NG;D;04/12/14;000000;3.6750000
NYMEX.NG;D;05/12/14;000000;3.7790000
NYMEX.NG;D;07/12/14;000000;3.7450000
NYMEX.NG;D;08/12/14;000000;3.6390000
NYMEX.NG;D;09/12/14;000000;3.6420000
NYMEX.NG;D;10/12/14;000000;3.7310000
NYMEX.NG;D;11/12/14;000000;3.6740000
NYMEX.NG;D;12/12/14;000000;3.7710000
NYMEX.NG;D;14/12/14;000000;3.8980000
NYMEX.NG;D;15/12/14;000000;3.7710000
NYMEX.NG;D;16/12/14;000000;3.6330000
NYMEX.NG;D;17/12/14;000000;3.6920000
NYMEX.NG;D;18/12/14;000000;3.6670000
NYMEX.NG;D;19/12/14;000000;3.4460000
NYMEX.NG;D;21/12/14;000000;3.3160000
NYMEX.NG;D;22/12/14;000000;3.1560000
NYMEX.NG;D;23/12/14;000000;3.1520000
NYMEX.NG;D;24/12/14;000000;3.0330000
NYMEX.NG;D;25/12/14;000000;3.0620000
NYMEX.NG;D;26/12/14;000000;3.0300000
NYMEX.NG;D;28/12/14;000000;3.0380000
NYMEX.NG;D;29/12/14;000000;3.1440000
NYMEX.NG;D;30/12/14;000000;3.0920000
NYMEX.NG;D;31/12/14;000000;2.9140000
NYMEX.NG;D;01/01/15;000000;2.8790000
NYMEX.NG;D;02/01/15;000000;2.9580000
